date,AABA,AAPL,ADBE,ADP,AMGN,AMOV,AMZN,ATVI,AVGO,BIDU,BIIB,BKNG,CELG,CHTR,CMCSA,CME,COST,CSCO,CSX,CTSH,ESRX,FB,FOX,FOXA,GILD,GOOG,GOOGL,ILMN,INTC,INTU,ISRG,KHC,MAR,MDLZ,MSFT,MU,NFLX,NVDA,PEP,PYPL,QCOM,QQQ,REGN,SBUX,TMUS,TSLA,TXN,VRTX,WBA,WDAY
2017-05-01,0,18,0,0,0,0,15,0,0,0,0,0,0,0,8,3,0,19,0,0,1,18,31,31,1,11,11,0,15,0,0,2,11,0,10,3,6,0,0,1,0,0,0,0,2,4,1,0,0,0
2017-05-02,0,41,0,5,3,0,17,0,1,2,0,0,0,1,3,4,0,27,0,0,0,17,11,11,3,10,10,1,29,2,0,2,34,5,8,14,5,0,1,0,7,2,0,0,4,6,0,0,3,0
2017-05-03,0,55,0,17,0,0,5,0,0,0,0,0,0,0,8,12,3,48,0,0,0,38,5,5,3,29,29,0,33,0,0,11,25,1,12,14,4,0,5,0,1,0,0,1,3,14,0,0,0,0
2017-05-04,0,23,0,1,0,1,18,4,1,0,0,0,0,5,0,9,2,27,0,0,0,34,9,9,3,25,25,0,32,0,0,5,34,0,6,13,5,2,1,0,3,1,12,2,0,21,2,0,0,0
2017-05-05,0,13,0,2,0,2,8,2,1,1,0,0,1,0,0,7,0,28,1,4,0,21,5,5,0,4,4,1,20,1,0,3,36,0,0,11,4,0,1,0,1,0,0,3,0,2,0,0,0,0
2017-05-06,0,6,0,0,0,0,6,0,0,0,0,0,0,0,0,0,0,23,0,0,0,11,4,4,0,5,5,0,9,0,0,5,0,0,5,2,2,0,0,0,0,0,0,0,0,5,0,0,0,0
2017-05-07,0,2,0,0,0,0,6,0,0,0,0,0,0,0,0,0,0,17,0,0,0,6,8,7,0,3,3,0,5,0,0,2,3,0,2,3,1,0,0,0,0,0,2,0,0,0,0,0,0,0
2017-05-08,0,14,0,0,1,0,9,2,1,0,0,0,0,12,19,4,3,26,0,0,1,26,11,11,0,13,13,0,21,2,0,3,46,1,4,17,6,0,1,0,1,1,3,0,5,2,0,0,1,0
2017-05-09,0,15,0,0,1,0,21,3,4,0,0,0,0,0,0,0,4,19,2,0,1,22,8,8,0,14,14,1,38,3,0,2,55,0,6,16,0,5,0,1,1,1,3,0,0,3,0,0,0,0
2017-05-10,0,19,0,1,0,0,25,0,0,0,0,0,0,1,1,7,2,30,1,0,0,104,17,17,0,17,17,1,47,0,0,4,62,2,5,24,5,12,0,0,0,0,0,0,3,10,0,0,0,0
2017-05-11,1,9,0,0,0,0,10,3,0,0,0,0,0,0,0,4,4,40,0,0,0,43,6,6,2,5,5,0,65,0,0,1,61,0,4,23,7,0,4,0,0,0,0,0,5,4,0,0,0,0
2017-05-12,0,6,0,0,3,3,11,0,4,0,0,0,0,0,1,14,4,38,0,0,0,64,2,2,1,17,17,0,43,0,0,1,56,0,15,24,0,3,1,0,5,2,0,0,7,1,0,0,0,0
2017-05-13,0,0,0,0,0,0,0,0,0,0,0,0,0,0,0,0,0,13,0,0,0,1,0,0,0,0,0,0,1,0,0,1,0,0,2,2,0,0,0,0,0,0,0,0,0,0,0,0,0,0
2017-05-14,0,1,0,0,0,0,0,0,3,0,0,0,0,0,0,0,0,8,0,0,0,8,6,6,0,0,0,1,7,0,0,3,3,0,3,1,0,0,0,0,0,0,0,0,0,0,0,0,0,0
2017-05-15,0,10,0,0,0,1,9,4,1,0,4,0,1,1,2,1,5,33,0,1,0,42,13,13,0,31,31,3,26,0,0,2,41,1,42,26,9,0,3,1,1,0,0,2,0,8,0,0,2,0
2017-05-16,3,5,0,1,1,0,10,0,2,2,0,0,0,0,0,11,3,28,0,0,0,43,7,7,0,14,14,0,50,0,0,1,35,2,23,17,2,0,1,0,0,0,0,4,0,0,0,1,1,0
2017-05-17,0,13,0,0,0,0,12,0,0,0,0,0,2,1,0,6,6,35,0,1,0,83,13,13,0,6,6,0,38,0,0,0,49,3,13,18,5,0,0,0,8,0,0,0,0,6,0,0,2,0
2017-05-18,0,18,0,0,1,2,12,0,2,2,1,0,2,6,6,2,4,29,0,0,5,85,20,20,2,13,13,0,52,0,0,1,42,0,10,38,0,0,5,0,7,0,0,0,2,2,0,0,1,0
2017-05-19,0,9,0,0,3,0,1,0,3,2,0,0,2,0,0,4,3,20,0,0,2,50,11,11,0,12,12,0,32,2,0,0,30,0,5,19,3,0,0,0,3,1,0,0,1,2,0,0,2,0
2017-05-20,0,5,0,0,0,0,0,0,0,0,0,0,0,0,0,0,0,6,0,0,0,14,2,2,0,0,0,0,7,0,0,0,0,0,0,3,0,0,0,0,4,0,0,0,0,0,0,0,1,0
2017-05-21,0,0,0,0,3,0,0,0,0,0,0,0,0,0,0,0,1,15,0,0,0,11,9,7,0,0,0,0,6,0,0,0,2,0,0,0,5,0,0,0,0,0,0,0,0,2,0,0,1,0
2017-05-22,0,18,0,2,3,0,10,0,0,0,4,0,4,1,2,5,1,18,0,0,0,39,5,5,0,14,14,0,43,1,0,6,35,0,9,19,3,0,1,0,2,0,7,1,2,7,0,1,0,0
2017-05-23,0,24,2,1,0,0,12,2,0,3,0,0,0,3,3,1,7,19,3,1,0,22,6,6,0,11,11,0,59,1,0,2,53,0,6,29,6,1,3,0,9,1,2,0,1,3,0,0,2,0
2017-05-24,0,3,0,0,0,0,13,1,2,0,4,0,0,0,0,8,2,28,0,0,0,28,3,3,0,5,5,0,46,6,0,5,50,0,8,24,1,4,2,0,1,0,1,0,3,0,0,1,0,0
2017-05-25,0,2,0,0,2,0,16,2,1,0,0,0,0,4,5,5,7,30,0,0,0,23,8,8,0,5,5,2,59,0,0,3,43,1,3,9,0,2,3,0,0,1,3,0,1,5,0,0,0,0
2017-05-26,0,7,0,0,0,2,4,1,1,0,0,0,0,0,0,3,9,18,0,0,0,26,4,4,0,8,8,0,38,0,0,2,39,0,0,18,0,0,3,0,4,0,0,0,0,0,0,0,1,0
2017-05-27,0,0,0,0,0,0,0,0,0,0,0,0,0,0,0,0,0,10,0,0,0,7,0,0,0,0,0,0,6,0,0,0,1,0,0,4,1,0,0,0,0,0,0,0,0,0,0,0,0,0
2017-05-28,0,2,0,0,0,0,0,0,0,0,1,0,0,0,0,0,0,8,0,0,0,2,10,8,0,4,4,0,15,0,0,0,4,0,0,2,4,0,0,0,0,0,0,0,0,0,0,0,0,0
2017-05-29,0,3,0,0,0,0,1,0,2,0,0,0,0,0,0,1,1,23,0,0,0,11,3,3,0,4,4,0,15,0,0,0,31,0,0,19,3,0,3,0,0,0,0,0,0,0,0,0,0,0
2017-05-30,0,14,0,0,0,0,15,1,0,0,0,0,0,1,1,2,2,18,0,0,0,16,12,12,3,13,13,1,22,3,3,0,35,0,10,27,0,0,0,0,2,3,1,3,0,0,0,0,0,0
2017-05-31,0,11,0,0,2,0,7,1,4,3,1,0,0,1,4,3,4,37,0,0,0,38,13,13,0,20,20,0,32,0,0,2,60,0,8,22,5,0,0,0,3,0,0,0,3,7,0,0,0,0
2017-06-01,0,3,0,25,0,0,13,0,2,4,5,0,1,3,1,5,1,40,0,0,1,20,11,11,0,6,6,0,46,0,0,0,43,0,5,27,3,0,3,0,1,0,0,0,4,17,0,0,0,0
2017-06-02,0,15,0,8,1,0,14,3,5,0,1,0,0,0,0,13,2,15,0,0,0,28,15,15,0,13,13,1,41,0,0,0,44,0,6,26,4,2,3,0,5,0,2,0,0,12,0,0,4,0
2017-06-03,0,1,0,0,0,0,2,0,0,0,0,0,0,0,0,0,0,20,0,0,0,12,0,0,0,0,0,2,4,0,0,0,3,0,2,4,0,0,0,0,0,0,0,0,0,2,0,0,0,0
2017-06-04,0,1,0,0,0,0,1,0,0,0,0,0,0,0,0,0,0,14,0,0,0,11,9,8,0,0,0,0,15,0,0,0,3,0,0,2,0,0,0,0,0,1,0,0,0,0,0,0,0,0
2017-06-05,0,23,0,0,3,0,15,0,0,0,3,0,3,0,0,2,0,13,4,0,0,26,15,15,0,13,13,1,35,0,0,0,27,0,0,22,0,1,2,4,0,3,2,0,4,7,0,0,1,0
2017-06-06,0,23,0,0,2,0,26,0,4,0,0,0,0,0,1,4,1,35,0,3,0,57,3,3,0,17,17,0,46,0,0,0,37,0,8,29,3,2,1,0,1,0,2,4,0,10,0,0,0,0
2017-06-07,0,15,0,0,6,0,17,0,1,2,0,0,2,0,0,4,1,39,0,0,0,85,5,5,0,10,10,0,52,0,0,0,47,1,2,22,0,0,0,0,5,2,1,0,0,5,0,0,0,2
2017-06-08,3,8,0,0,0,0,10,0,3,2,2,0,0,0,1,5,1,28,0,0,0,102,4,4,0,8,8,0,48,1,0,1,47,0,6,13,0,8,0,0,1,1,0,0,0,6,0,0,1,0
2017-06-09,0,25,0,6,0,0,12,0,4,0,0,0,0,0,0,4,0,19,0,0,0,64,3,3,0,28,28,0,50,2,0,0,43,3,5,34,3,12,3,2,10,0,0,0,0,6,0,0,5,0
2017-06-10,0,0,0,0,0,0,5,0,3,0,0,0,0,0,0,0,0,14,0,0,0,4,0,0,0,0,0,0,13,0,0,0,4,0,0,0,0,0,0,0,0,0,0,0,0,0,0,0,0,0
2017-06-11,0,3,0,0,0,0,0,0,0,0,0,0,0,0,0,0,0,18,0,0,0,11,10,10,0,0,0,0,8,0,0,0,4,0,0,4,0,0,0,0,0,0,3,0,0,0,0,0,0,0
2017-06-12,0,53,0,0,17,0,10,0,2,0,2,0,2,2,2,4,1,29,0,0,0,33,8,8,1,29,29,0,31,1,0,0,42,0,21,22,11,0,0,6,4,2,0,0,0,2,0,1,0,0
2017-06-13,4,28,4,0,1,0,17,0,1,5,4,0,0,0,7,5,1,19,0,1,0,35,4,4,0,36,36,0,36,1,0,1,41,0,23,27,5,0,2,2,4,0,0,0,2,7,0,0,0,0
2017-06-14,0,13,0,0,0,0,11,0,2,5,5,0,1,0,4,7,3,31,0,0,0,31,5,5,0,24,24,2,33,0,0,0,36,0,7,15,8,2,0,0,1,2,3,0,1,1,0,2,0,0
2017-06-15,2,28,0,1,0,0,30,0,3,1,1,0,0,0,0,1,3,28,0,0,0,51,4,4,0,32,32,0,38,0,0,5,36,3,20,16,5,2,1,0,2,3,0,2,0,11,0,0,0,0
2017-06-16,0,19,0,0,3,0,64,0,0,1,0,0,0,0,4,1,15,20,0,0,0,37,1,1,0,5,5,0,29,0,0,2,50,2,9,15,2,0,3,0,1,0,0,2,0,2,0,0,2,0
2017-06-17,0,2,0,0,0,0,0,0,0,0,0,0,0,0,2,0,0,13,0,0,0,6,2,2,0,0,0,0,3,0,0,0,1,0,0,4,0,0,0,0,0,0,0,0,0,0,0,0,0,0
2017-06-18,0,3,0,0,0,0,6,0,0,0,0,0,0,0,0,0,0,11,0,0,0,8,6,3,0,0,0,0,5,0,0,0,0,0,3,0,0,0,0,0,0,0,0,0,1,0,0,0,0,0
2017-06-19,5,19,3,0,1,0,42,0,0,1,4,0,0,0,5,3,8,15,0,0,0,33,6,6,1,25,25,0,28,1,0,1,42,0,10,9,0,0,1,1,3,2,0,0,0,12,0,0,0,0
2017-06-20,0,23,5,0,2,0,23,0,4,2,1,0,0,0,0,4,0,28,0,0,0,22,17,17,0,12,12,0,34,3,0,0,47,2,10,15,5,0,3,0,4,1,4,6,5,2,0,0,0,0
2017-06-21,0,16,5,0,2,0,17,0,3,0,2,0,4,2,1,2,4,26,0,0,0,25,7,7,1,15,15,0,29,1,0,0,39,0,5,18,5,0,0,0,3,0,4,1,3,8,0,0,2,0
2017-06-22,0,16,0,0,2,2,11,0,0,1,0,0,0,1,6,2,2,39,0,0,0,16,11,11,5,19,19,0,29,1,0,5,48,0,11,17,3,0,1,1,3,0,1,0,1,17,0,0,1,0
2017-06-23,0,7,0,1,6,0,8,1,0,0,7,0,0,0,2,4,1,28,0,0,1,25,12,12,1,14,14,0,22,0,0,4,36,0,3,11,0,1,0,0,4,0,1,0,0,11,0,0,0,0
2017-06-24,0,0,0,0,0,0,1,0,0,0,0,0,0,0,1,0,0,23,0,0,0,1,5,4,0,1,1,0,4,0,0,0,2,0,0,2,0,0,0,0,0,0,0,0,0,0,0,0,0,0
2017-06-25,0,2,0,0,0,0,2,0,0,0,0,0,0,0,0,0,0,17,0,0,0,7,4,2,0,0,0,0,7,0,0,2,1,0,0,3,0,0,0,0,0,0,0,0,0,0,0,0,0,0
2017-06-26,0,26,0,0,3,0,22,0,0,2,0,0,0,0,0,1,3,38,0,0,0,29,5,5,0,34,34,1,30,0,0,4,34,1,12,7,7,0,2,1,3,0,1,0,0,4,0,0,0,0
2017-06-27,0,15,0,0,6,5,11,0,0,4,0,0,0,18,16,2,3,32,0,0,1,33,10,9,0,47,47,1,52,0,0,2,36,6,12,20,3,7,1,0,4,3,1,0,11,5,0,0,0,0
2017-06-28,0,13,0,0,0,1,17,0,0,2,0,0,0,1,2,2,0,29,0,0,0,30,1,1,0,22,22,0,34,1,0,2,36,6,16,25,6,0,0,3,1,0,0,2,0,5,0,0,4,0
2017-06-29,0,13,0,0,3,0,27,0,0,1,5,0,0,3,8,3,3,16,0,0,0,22,16,15,0,14,14,0,25,3,0,0,28,2,11,24,8,0,4,1,4,0,0,0,0,5,0,0,21,0
2017-06-30,0,4,0,0,0,0,31,1,0,2,1,0,1,2,3,1,2,26,0,0,0,21,9,9,0,8,8,0,32,1,0,3,44,0,7,17,5,2,0,0,3,0,2,1,0,4,0,0,4,0
2017-07-01,0,0,0,0,0,0,1,0,1,0,0,0,0,0,0,0,0,9,0,0,0,9,3,3,0,1,1,0,2,0,0,0,1,0,1,3,0,0,0,0,0,0,0,4,0,0,0,0,0,0
2017-07-02,0,1,0,1,0,0,5,0,0,0,0,0,0,0,0,0,0,15,0,0,0,3,3,3,0,2,2,2,3,0,0,0,4,0,0,0,0,0,0,0,0,0,0,0,0,0,0,0,0,0
2017-07-03,1,3,0,1,0,0,1,0,3,2,0,0,0,0,1,0,3,11,0,0,1,13,10,10,0,6,6,2,26,0,0,0,38,0,7,27,1,1,0,0,2,1,0,3,0,12,0,0,1,0
2017-07-04,0,18,0,0,0,0,17,1,0,0,1,0,0,0,0,0,0,15,0,0,0,12,5,5,0,12,12,0,25,0,0,5,33,0,5,27,0,0,0,2,1,0,0,5,0,5,0,0,0,0
2017-07-05,0,10,0,8,0,0,17,0,0,11,0,0,2,0,0,7,2,11,0,0,0,17,2,2,3,12,12,2,40,1,0,0,35,0,8,18,4,7,1,4,1,0,0,1,0,7,0,0,2,0
2017-07-06,0,10,0,24,0,2,16,1,0,5,0,0,6,4,3,1,10,30,0,0,0,19,9,9,0,9,9,0,28,3,2,0,33,5,9,16,1,2,0,0,6,0,0,6,3,16,0,0,0,0
2017-07-07,0,10,0,3,0,0,11,0,1,2,0,0,0,0,0,7,2,22,1,0,0,33,6,6,1,18,18,0,19,0,0,0,38,1,11,16,0,0,2,0,5,0,0,0,1,16,0,0,3,0
2017-07-08,0,0,0,1,0,2,0,0,0,0,0,0,0,0,0,0,0,9,0,0,0,5,0,0,0,0,0,0,0,0,0,0,0,0,0,1,0,0,0,0,0,0,0,0,0,2,0,0,0,0
2017-07-09,0,2,0,0,0,0,5,0,0,0,0,0,0,0,0,0,0,11,0,0,0,9,7,5,0,6,6,0,11,1,0,3,1,0,1,4,1,0,0,0,0,0,0,2,0,0,0,0,0,0
2017-07-10,0,19,0,0,1,0,22,0,0,1,1,0,1,0,0,11,3,15,0,0,0,37,9,8,1,10,10,2,21,1,0,3,29,0,19,24,5,4,0,2,1,0,0,0,0,8,0,0,1,0
2017-07-11,0,7,0,0,1,0,14,0,0,0,0,0,1,0,4,8,1,48,1,0,0,38,12,12,0,13,13,0,40,8,0,1,34,0,14,26,7,0,6,0,1,0,0,0,1,8,0,0,0,0
2017-07-12,0,9,0,1,1,0,17,0,0,0,0,0,0,0,0,13,3,13,0,0,0,20,17,15,0,19,19,0,29,3,0,1,40,0,8,14,8,1,0,2,1,2,0,0,0,3,0,0,2,0
2017-07-13,0,17,0,0,2,0,21,0,0,0,0,0,1,0,0,1,9,12,0,0,0,26,8,8,0,22,22,0,40,0,0,0,53,0,3,13,13,0,0,2,1,0,0,1,0,7,0,1,0,0
2017-07-14,0,8,0,0,3,0,17,0,0,0,1,0,0,4,4,11,1,19,0,0,0,16,2,2,0,0,0,0,24,0,0,1,36,0,1,13,5,0,1,0,1,0,0,0,5,3,0,0,0,0
2017-07-15,0,0,0,0,0,2,2,0,0,0,0,0,0,0,0,0,0,11,0,0,0,1,2,2,0,0,0,0,3,0,0,0,0,0,0,1,2,0,0,0,0,0,0,0,0,2,0,0,0,0
2017-07-16,0,0,0,0,1,0,2,0,0,0,0,0,0,0,2,0,0,21,0,0,0,1,13,13,0,1,1,0,8,0,0,0,3,0,0,1,2,0,0,0,0,0,0,0,0,0,0,2,0,0
2017-07-17,0,9,0,0,1,3,18,0,0,0,1,0,0,2,4,2,1,20,0,0,0,35,5,5,0,24,24,0,19,0,0,2,43,0,14,21,17,0,4,1,5,0,0,0,0,9,0,0,0,0
2017-07-18,0,7,0,0,3,8,13,0,1,1,1,0,0,0,2,3,2,19,12,0,0,15,9,9,3,14,14,0,37,0,0,1,37,0,5,16,18,0,0,6,4,0,0,3,2,9,0,4,1,0
2017-07-19,0,23,0,0,0,3,11,0,0,4,0,0,2,6,7,2,7,16,5,0,0,35,15,15,0,17,17,0,32,2,0,2,46,0,16,20,9,2,0,0,16,0,0,0,5,11,0,11,0,0
2017-07-20,1,14,0,0,1,1,32,0,0,4,0,0,0,2,2,1,8,28,0,0,0,39,31,31,0,13,13,0,46,5,4,5,43,0,27,24,2,0,1,4,14,0,1,5,6,3,0,0,0,0
2017-07-21,0,8,0,1,1,0,17,0,0,6,0,0,1,0,0,2,3,5,0,0,0,21,8,8,1,12,12,0,29,2,0,0,41,1,8,16,5,0,1,0,2,0,2,0,0,6,0,0,0,0
2017-07-22,0,0,0,0,0,0,2,0,0,0,0,0,0,0,0,0,0,7,0,0,0,4,0,0,0,0,0,0,6,0,0,0,5,0,0,0,0,0,0,0,0,0,0,0,0,0,0,0,2,0
2017-07-23,0,0,0,0,0,0,0,0,0,3,0,0,0,0,0,1,1,10,0,0,0,1,10,10,0,0,0,0,7,0,0,0,3,0,0,4,2,0,0,0,0,0,0,0,0,0,0,0,0,0
2017-07-24,0,17,0,0,3,0,29,0,0,0,0,0,1,0,2,6,5,14,0,0,0,27,13,13,2,39,39,0,29,0,0,0,43,0,6,10,5,1,0,1,6,1,0,2,0,0,0,1,1,0
2017-07-25,0,20,2,1,6,0,29,0,0,0,8,0,3,4,10,8,8,23,0,0,2,38,16,13,0,39,39,1,41,0,0,3,46,0,12,24,5,0,1,0,3,0,0,0,4,6,4,0,2,0
2017-07-26,0,21,0,0,5,2,21,0,0,2,0,0,0,1,1,14,4,31,0,0,3,36,17,17,7,9,9,0,35,0,0,0,55,0,2,19,7,0,3,6,1,1,0,0,4,3,0,5,1,0
2017-07-27,0,23,1,4,5,2,36,0,0,6,1,0,5,4,10,3,10,24,0,0,0,46,16,15,0,16,16,0,37,2,0,0,55,0,11,27,10,0,1,8,3,5,3,17,4,8,0,0,0,2
2017-07-28,0,11,0,2,3,2,32,0,0,5,0,0,0,4,3,1,7,11,3,0,0,29,6,6,5,17,17,0,39,2,0,0,57,2,3,23,11,2,0,0,1,0,2,16,2,6,0,0,0,0
2017-07-29,0,3,0,0,0,0,0,0,0,0,0,0,0,2,0,0,0,12,0,0,0,1,4,4,0,0,0,0,7,0,0,0,0,0,0,0,0,0,0,0,0,0,0,0,0,3,0,0,0,0
2017-07-30,0,1,0,0,0,0,0,0,0,0,0,0,0,0,0,0,1,10,0,0,0,11,7,7,0,0,0,0,5,0,0,0,4,0,0,4,0,1,0,0,0,0,0,0,0,0,0,0,0,0
2017-07-31,1,25,0,0,6,0,17,0,0,1,1,0,0,20,8,1,6,20,0,0,4,26,11,11,2,19,19,0,27,0,0,4,43,0,5,18,12,1,0,0,2,0,4,4,7,17,0,0,0,0
2017-08-01,1,28,0,1,1,0,15,1,0,2,0,0,5,3,3,14,11,22,3,0,0,18,3,3,0,6,6,2,36,0,0,0,43,0,3,29,2,0,1,2,0,0,1,0,2,9,0,1,0,0
2017-08-02,0,51,0,8,1,2,12,0,0,1,0,0,0,2,4,12,6,40,3,0,5,22,8,7,0,8,8,3,30,0,0,5,32,9,3,24,5,0,5,0,2,0,2,2,2,11,0,0,6,0
2017-08-03,0,20,0,1,0,1,25,3,0,0,0,0,0,7,0,6,4,21,1,4,3,26,10,10,0,2,2,2,52,0,0,5,48,3,4,24,8,0,0,0,1,3,8,0,6,16,0,0,5,0
2017-08-04,0,15,0,10,2,0,6,1,0,0,0,0,0,3,0,13,2,22,3,0,1,24,12,12,2,11,11,0,31,0,0,6,33,0,5,14,2,0,0,2,4,1,1,0,0,9,0,0,2,0
2017-08-05,0,1,0,0,0,0,0,0,0,0,0,0,0,0,0,0,0,10,0,0,0,3,3,3,0,0,0,0,5,0,0,0,0,0,0,0,2,0,0,0,0,0,0,0,0,0,0,0,0,0
2017-08-06,0,1,0,0,0,0,1,0,0,0,0,0,0,2,2,0,0,9,0,0,0,2,1,1,0,3,3,0,8,0,0,1,3,0,1,4,2,0,0,0,0,0,0,0,0,0,0,0,0,0
2017-08-07,0,15,1,6,0,0,13,0,0,0,0,0,0,3,2,2,0,14,0,0,0,19,3,3,0,14,14,0,9,1,1,6,39,2,5,20,11,3,1,2,1,4,0,0,2,16,0,0,0,0
2017-08-08,0,13,0,1,0,0,17,0,0,0,0,0,0,0,1,5,1,20,0,0,0,30,5,5,0,26,26,0,28,1,0,1,43,1,7,12,12,1,0,2,8,0,0,0,3,4,0,0,1,0
2017-08-09,0,8,2,0,0,0,28,0,0,0,0,0,0,5,0,3,5,25,0,0,0,29,22,22,0,5,5,1,21,3,0,3,44,0,0,22,21,0,1,0,5,1,0,0,0,3,0,0,4,0
2017-08-10,0,13,2,4,0,2,26,0,0,0,0,0,1,4,0,5,5,16,0,0,0,18,15,15,1,16,16,0,41,0,0,1,45,0,21,26,1,7,3,4,3,1,0,0,0,1,0,0,0,0
2017-08-11,0,7,2,0,0,0,12,0,0,7,0,0,0,3,0,3,4,17,0,0,0,25,4,4,0,13,13,5,26,1,1,0,43,3,2,13,4,8,0,0,6,1,0,0,0,7,0,0,1,0
2017-08-12,0,0,0,0,0,0,0,0,0,0,0,0,0,0,0,0,0,3,0,0,0,7,3,3,0,0,0,0,6,0,0,0,0,0,0,7,0,0,0,0,0,0,0,0,1,0,0,0,0,0
2017-08-13,0,0,0,0,0,0,0,0,0,0,0,0,0,0,0,0,0,5,0,0,0,5,1,1,0,0,0,0,6,0,0,0,1,0,0,0,0,0,0,0,1,0,0,1,0,0,0,0,0,0
2017-08-14,3,22,0,2,2,0,17,1,0,0,4,0,2,2,1,4,9,17,0,0,0,30,9,8,1,16,16,0,34,0,0,4,26,1,9,16,12,0,5,1,3,4,3,0,2,19,0,0,0,0
2017-08-15,1,10,0,0,0,0,18,0,1,0,0,0,0,0,0,4,3,22,2,0,0,23,4,4,0,11,11,0,33,1,0,0,38,0,3,6,0,1,1,0,1,0,0,0,3,0,0,0,0,0
2017-08-16,0,12,0,2,0,3,23,0,0,4,0,0,0,0,0,14,2,14,0,0,0,12,13,13,0,12,12,2,33,0,0,1,41,2,5,19,3,0,0,0,1,0,0,0,0,4,0,0,3,0
2017-08-17,0,23,0,5,1,0,8,0,0,0,4,0,0,0,0,1,3,17,3,0,0,20,14,11,1,21,21,0,32,1,0,1,40,0,1,13,4,0,1,0,1,0,0,1,0,5,0,0,0,2
2017-08-18,0,11,0,0,0,3,4,1,0,4,1,0,0,1,3,1,0,22,0,0,0,20,6,6,0,11,11,0,36,0,0,3,30,0,2,8,0,0,0,0,1,0,0,0,1,3,0,0,0,0
2017-08-19,0,0,0,0,0,0,2,0,0,0,0,0,0,0,0,0,0,2,0,0,0,2,2,2,0,0,0,0,5,0,0,0,0,0,0,10,0,0,0,0,0,0,0,0,0,0,0,0,0,0
2017-08-20,0,3,0,0,2,0,2,0,0,1,0,0,0,0,0,0,0,9,0,0,0,4,2,2,0,4,4,0,5,0,0,4,2,0,3,3,1,0,0,0,1,0,0,0,0,2,0,0,0,0
2017-08-21,0,9,0,3,1,0,5,0,0,6,0,0,0,0,0,1,0,10,0,0,0,11,11,11,0,5,5,0,18,0,0,1,32,1,0,19,2,0,3,0,1,0,0,1,0,3,0,0,0,0
2017-08-22,0,3,3,0,0,1,13,0,0,2,0,0,0,0,0,2,0,7,1,0,2,9,9,9,0,5,5,0,21,2,0,1,29,1,5,14,0,0,3,0,1,1,0,0,3,3,0,0,1,0
2017-08-23,0,6,0,0,1,2,15,1,3,1,0,0,0,0,0,3,1,20,0,0,0,15,5,5,0,19,19,0,34,3,0,5,38,2,1,13,2,0,1,0,1,0,0,0,2,4,0,0,0,0
2017-08-24,0,20,0,3,1,0,13,0,2,9,1,0,1,0,1,2,7,14,0,0,0,10,9,9,0,8,8,2,23,0,0,3,40,0,3,22,2,0,0,0,5,1,0,0,3,5,0,1,0,0
2017-08-25,0,6,1,0,3,0,23,0,5,3,3,0,0,0,0,12,1,8,0,0,0,28,4,4,0,2,2,2,26,0,0,0,32,0,2,17,2,0,1,0,1,0,0,0,1,5,0,0,0,0
2017-08-26,0,0,0,0,0,0,1,0,0,0,0,0,0,0,0,0,0,9,0,0,0,4,1,1,0,0,0,0,1,0,0,0,0,0,0,0,0,0,0,0,0,0,0,0,2,0,0,0,0,0
2017-08-27,0,1,0,0,0,0,1,0,0,0,0,0,0,0,0,0,0,14,0,0,0,3,3,3,0,0,0,0,10,0,0,1,3,0,0,0,0,0,1,0,0,0,0,0,3,0,0,0,0,0
2017-08-28,0,13,0,3,1,0,15,0,0,1,1,0,0,1,0,0,4,14,4,0,0,16,1,1,16,6,6,0,19,0,0,0,29,0,3,14,4,0,2,0,3,0,0,1,0,3,0,0,0,0
2017-08-29,0,12,0,0,1,0,17,0,1,0,0,0,1,0,3,3,4,27,1,0,0,13,5,5,1,14,14,0,26,1,0,2,40,0,4,12,0,0,5,0,1,0,0,0,0,2,0,0,0,0
2017-08-30,0,20,0,14,2,5,16,0,0,0,1,0,0,2,3,5,4,26,3,0,0,13,8,8,3,11,11,1,16,1,0,2,42,2,8,23,2,0,0,0,2,0,0,0,0,3,0,0,1,0
2017-08-31,0,17,0,2,1,4,21,1,0,2,5,0,5,0,1,4,7,10,0,0,0,20,9,9,8,21,21,0,19,0,0,3,52,1,5,18,4,0,0,0,1,0,0,0,0,0,0,0,1,0
2017-09-01,0,11,0,1,0,0,27,3,0,3,0,0,1,4,0,12,3,21,0,0,0,18,10,10,1,8,8,0,25,0,0,0,51,0,12,24,6,0,0,0,1,1,0,0,0,6,0,0,1,1
2017-09-02,0,3,0,0,0,0,0,0,0,0,0,0,0,0,0,0,0,7,0,0,0,7,2,2,0,0,0,0,7,0,0,1,0,0,0,0,1,0,0,0,2,0,0,0,0,0,0,0,0,0
2017-09-03,0,0,0,0,0,0,0,0,0,0,0,0,0,0,0,0,0,8,0,0,0,7,13,13,0,0,0,0,7,0,0,0,1,2,0,3,1,0,0,0,0,0,0,1,0,0,0,0,0,0
2017-09-04,0,6,0,0,0,0,0,0,0,0,0,0,0,0,0,0,0,10,0,0,0,11,9,9,0,3,3,0,19,0,0,1,28,1,6,20,0,0,2,0,5,0,0,1,0,0,0,0,2,0
2017-09-05,0,8,0,1,0,0,10,0,0,2,1,0,0,0,0,2,4,12,0,0,0,21,8,5,3,9,9,2,25,2,0,2,38,0,12,17,2,0,1,0,2,1,0,0,0,7,0,0,2,0
2017-09-06,0,12,0,3,3,3,14,1,0,1,1,0,2,1,2,3,2,10,4,0,0,30,8,8,1,20,20,0,25,1,0,1,48,3,5,25,9,0,0,0,6,0,0,1,8,8,0,0,4,0
2017-09-07,0,18,1,4,4,1,26,0,0,2,0,0,4,0,9,8,4,22,3,0,0,25,17,17,1,19,19,1,51,0,0,3,47,2,8,24,4,1,1,0,0,0,4,1,5,16,0,0,0,0
2017-09-08,0,22,0,0,0,0,13,0,0,0,0,0,1,0,8,11,5,20,1,0,0,30,9,8,0,8,8,2,23,2,0,6,48,1,1,15,0,0,0,2,2,1,4,0,1,1,0,0,0,0
2017-09-09,0,2,0,0,0,0,2,0,0,0,0,0,0,0,0,0,0,8,0,0,0,7,8,5,0,2,2,0,0,0,0,0,2,0,0,0,3,0,0,0,0,0,0,0,0,0,0,0,0,0
2017-09-10,0,2,0,0,0,0,0,0,0,0,0,0,0,0,0,0,0,8,0,0,0,18,12,8,0,1,1,0,6,0,0,0,4,0,0,3,0,0,0,0,0,0,0,0,0,0,0,0,0,0
2017-09-11,0,15,0,1,2,0,8,1,0,0,0,0,1,1,5,1,2,18,0,0,0,14,6,2,0,11,11,0,17,0,0,0,34,0,0,18,2,0,0,0,5,0,6,2,2,11,0,0,1,0
2017-09-12,0,38,0,3,1,0,21,0,0,0,3,0,0,5,2,2,3,17,1,0,0,23,24,22,0,16,16,1,35,0,0,3,45,0,5,18,8,0,0,0,1,1,2,2,3,11,0,0,2,0
2017-09-13,0,43,2,1,0,0,17,0,0,0,0,0,1,2,3,0,2,24,2,0,0,29,8,8,1,24,24,0,32,0,0,0,36,0,5,30,3,0,0,0,1,0,0,0,6,8,0,0,1,0
2017-09-14,0,27,0,1,3,0,29,0,0,0,0,0,0,3,2,17,0,9,2,0,0,30,20,19,0,26,26,0,31,0,0,1,39,0,2,16,5,4,1,0,11,0,3,3,4,9,0,0,1,0
2017-09-15,0,18,0,2,1,0,22,0,0,0,0,0,0,0,4,3,5,23,0,0,0,24,4,3,0,20,20,0,44,0,0,0,41,0,5,15,4,6,0,0,1,3,0,3,5,3,0,0,1,0
2017-09-16,0,2,0,0,0,0,4,0,0,0,0,0,0,0,0,0,0,7,0,0,0,20,7,6,0,6,6,0,5,0,0,1,0,0,2,4,0,0,0,0,0,0,0,0,0,0,0,0,0,0
2017-09-17,0,0,0,0,0,0,2,0,0,0,0,0,0,0,3,0,0,9,0,0,0,8,12,5,0,1,1,0,6,0,0,2,2,0,0,6,5,0,0,0,0,0,0,0,1,2,0,0,1,0
2017-09-18,0,10,2,0,0,0,23,0,0,5,0,0,1,0,2,9,5,22,0,0,0,17,11,8,0,17,17,0,35,0,0,1,46,0,17,21,4,5,0,0,1,0,0,4,2,3,0,0,6,0
2017-09-19,0,7,8,1,1,0,18,0,0,3,0,0,1,2,0,2,2,17,0,0,0,10,14,14,0,14,14,0,28,0,0,4,39,0,9,43,0,0,5,0,0,0,0,2,14,15,0,0,7,0
2017-09-20,2,24,5,3,0,1,38,0,1,1,0,0,0,0,0,16,2,30,0,0,0,33,3,2,0,21,21,2,31,2,0,0,43,2,18,22,0,0,2,0,2,2,0,0,1,5,0,0,2,0
2017-09-21,0,29,1,1,1,0,17,2,1,4,0,0,0,0,1,18,5,48,2,0,0,53,10,10,3,46,46,0,59,0,0,0,58,0,15,24,2,11,3,0,5,0,0,0,0,21,2,0,3,0
2017-09-22,0,25,0,6,1,0,8,2,0,0,0,0,0,2,0,3,2,19,0,0,0,40,9,8,0,11,11,0,26,0,0,3,31,3,2,27,3,1,0,0,2,0,2,2,15,7,0,0,1,0
2017-09-23,0,1,0,0,0,0,2,0,0,0,0,0,0,0,0,0,0,7,0,0,0,8,6,5,0,0,0,0,5,0,0,0,1,0,0,0,0,0,0,0,0,0,0,0,0,0,0,0,0,0
2017-09-24,0,1,1,0,0,0,4,0,0,0,0,0,0,0,0,0,0,6,0,0,0,17,10,3,0,1,1,0,2,2,0,1,1,0,2,4,0,0,0,0,0,0,0,0,0,0,0,0,0,0
2017-09-25,0,23,0,0,4,0,19,1,0,2,1,0,0,0,3,0,7,19,0,0,0,22,9,8,1,9,9,0,18,0,0,3,46,0,7,21,7,1,0,0,1,0,0,1,2,4,0,0,1,0
2017-09-26,0,26,2,0,1,0,17,0,0,8,2,0,0,0,3,11,5,13,0,0,0,35,6,5,0,21,21,0,34,0,0,2,37,0,8,31,2,8,1,2,2,0,0,4,3,8,0,0,1,0
2017-09-27,0,21,0,0,0,0,25,0,0,2,0,0,0,0,0,14,4,16,0,0,0,29,7,7,0,27,27,0,44,1,0,0,57,1,12,30,3,0,3,1,2,2,0,0,0,5,0,0,1,0
2017-09-28,0,20,1,3,8,2,21,0,0,5,2,0,1,0,0,4,4,12,0,0,0,31,14,14,1,23,23,0,50,0,0,1,68,3,3,31,7,2,5,1,1,3,3,1,5,11,0,0,5,0
2017-09-29,0,13,0,0,2,0,16,0,0,4,0,0,2,0,0,5,7,19,0,0,0,33,6,6,3,26,26,1,30,0,0,2,53,2,7,33,2,3,0,4,1,1,2,0,0,6,0,0,3,0
2017-09-30,0,0,0,0,0,0,0,0,0,0,0,0,0,0,0,0,0,7,0,0,0,13,5,3,0,5,5,0,3,0,0,1,1,0,0,0,0,0,0,0,0,0,0,0,0,2,0,0,0,0
2017-10-01,0,0,0,0,0,0,1,0,0,0,0,0,1,0,0,0,0,12,0,0,0,19,24,19,0,1,1,0,6,1,0,1,7,1,0,6,1,0,0,0,0,0,0,0,0,0,0,0,2,0
2017-10-02,0,16,0,0,0,3,3,0,0,0,1,0,0,1,2,2,5,35,0,0,1,39,11,10,3,12,12,0,24,0,0,0,38,0,7,20,0,2,0,0,5,0,1,1,3,6,2,0,1,0
2017-10-03,0,11,0,0,1,0,17,0,3,0,0,0,1,1,1,4,9,30,0,0,0,29,9,9,0,16,16,0,36,2,0,3,40,0,9,32,2,1,0,0,1,0,0,2,0,12,0,0,1,0
2017-10-04,0,30,0,15,1,0,33,0,0,0,2,0,0,0,0,5,5,20,0,0,0,28,9,9,2,20,20,0,31,2,0,0,31,0,0,37,5,0,8,0,0,1,1,5,1,2,0,0,0,0
2017-10-05,0,15,0,3,4,2,15,0,0,0,3,0,0,0,0,5,10,26,0,0,0,24,9,9,0,10,10,0,31,0,0,2,31,0,3,20,13,1,0,2,1,0,5,2,0,6,0,0,1,1
2017-10-06,0,14,0,0,0,0,18,0,0,0,0,0,0,0,0,7,17,13,0,0,0,15,5,5,0,4,4,1,26,5,3,2,41,1,6,17,6,1,1,0,3,0,0,0,0,8,1,0,8,0
2017-10-07,0,0,0,0,0,0,0,0,0,0,0,0,0,0,0,0,0,5,0,0,0,6,1,0,0,3,3,0,3,0,0,0,0,0,3,0,0,0,0,0,0,0,0,0,0,2,0,0,0,0
2017-10-08,0,1,0,0,0,0,2,0,0,0,0,0,0,0,0,0,0,7,0,0,0,12,14,8,0,0,0,1,4,1,1,1,3,0,0,1,0,0,0,0,0,0,0,0,0,0,0,0,0,0
2017-10-09,0,8,0,0,1,0,11,0,0,0,1,0,0,0,0,4,2,21,2,0,4,15,11,8,0,11,11,1,24,0,0,1,35,0,12,19,1,3,0,0,5,0,0,0,0,8,0,0,0,0
2017-10-10,0,19,0,2,3,2,31,0,4,1,0,0,2,1,6,0,5,15,0,0,5,33,10,10,0,17,17,2,34,2,0,4,48,3,0,17,8,10,3,2,8,1,0,5,1,7,0,0,0,0
2017-10-11,0,10,0,2,0,0,12,0,0,0,0,0,0,2,2,4,5,24,3,2,0,26,9,9,0,24,24,0,38,3,0,0,45,0,7,25,5,0,2,0,6,0,0,0,5,5,0,0,0,0
2017-10-12,0,10,3,1,4,0,13,0,0,1,2,0,5,13,15,5,4,22,1,0,0,19,16,15,5,14,14,0,43,1,0,0,46,0,5,23,5,0,3,0,3,0,0,0,4,15,1,0,0,0
2017-10-13,0,20,0,0,0,0,21,0,0,0,0,0,0,0,0,6,3,21,2,0,0,32,4,4,0,11,11,2,33,0,0,4,42,0,3,22,10,2,3,0,5,0,0,0,2,2,0,0,0,0
2017-10-14,0,0,0,0,0,0,1,0,0,0,0,0,0,0,0,0,0,9,0,0,0,9,0,0,2,0,0,0,5,0,0,0,2,0,0,1,0,0,0,0,0,0,0,0,1,3,0,0,0,0
2017-10-15,0,0,0,0,0,0,3,0,0,0,0,0,0,2,1,0,0,10,1,0,0,7,4,4,0,0,0,0,2,0,0,2,3,0,0,4,0,0,0,0,0,0,0,0,1,0,0,0,0,0
2017-10-16,0,20,9,0,3,0,19,0,2,2,0,0,0,3,1,8,1,10,0,0,0,30,2,2,0,9,9,1,35,0,0,2,61,2,14,16,18,1,2,0,1,0,7,0,5,2,0,0,2,0
2017-10-17,0,10,0,0,0,0,26,0,0,0,0,0,0,4,4,0,7,28,7,0,0,32,11,9,0,19,19,0,31,1,1,1,65,0,8,25,15,0,1,2,4,1,1,0,0,8,0,0,1,0
2017-10-18,0,10,3,8,0,0,23,0,0,0,1,0,0,5,1,4,4,22,2,0,3,29,9,9,4,14,14,0,31,0,0,2,49,0,10,12,0,0,3,0,5,2,0,0,1,2,0,0,1,2
2017-10-19,0,35,5,0,0,0,28,0,0,0,0,0,7,1,1,9,4,15,1,0,0,44,3,3,1,33,33,0,23,3,1,9,41,0,7,15,7,0,0,7,2,2,0,4,3,9,0,0,1,2
2017-10-20,0,15,0,3,0,2,16,0,0,1,1,0,10,1,3,2,4,11,2,0,0,23,11,11,1,9,9,0,24,0,0,2,62,0,7,14,4,0,2,12,4,0,2,0,1,9,0,0,0,0
2017-10-21,0,0,0,0,0,0,3,0,0,0,0,0,0,0,0,0,0,4,0,0,0,10,6,6,0,0,0,0,4,0,0,0,1,0,0,4,0,0,0,0,0,0,0,0,0,0,0,0,0,0
2017-10-22,0,0,0,0,0,0,2,0,0,0,0,0,0,0,0,0,0,6,0,0,0,7,16,11,0,0,0,0,5,0,0,2,10,0,0,2,0,0,1,0,0,0,0,0,0,3,0,0,1,0
2017-10-23,0,29,0,4,1,0,23,0,0,0,5,0,1,0,0,2,2,26,1,0,0,23,11,11,0,12,12,0,32,1,0,1,43,0,4,14,7,2,0,2,2,0,0,0,6,7,0,0,0,0
2017-10-24,0,19,0,1,4,6,24,0,0,3,12,0,0,1,1,5,10,23,0,1,5,36,11,11,1,14,14,1,27,0,0,3,61,0,12,29,2,2,4,0,1,0,0,1,5,2,4,0,1,0
2017-10-25,0,21,0,6,4,3,25,0,0,2,1,0,2,0,0,5,4,23,6,0,4,25,17,15,1,14,14,0,31,2,0,2,50,1,8,29,2,0,4,2,0,0,0,3,7,3,0,4,7,0
2017-10-26,0,15,0,6,4,2,38,0,1,4,0,0,16,7,11,5,14,34,3,1,1,26,19,18,5,28,28,0,59,1,0,2,53,2,17,30,11,5,0,0,7,1,0,2,4,12,3,0,3,0
2017-10-27,0,19,0,1,3,0,52,0,0,6,0,0,1,0,0,2,6,20,0,0,1,22,12,12,2,41,41,0,52,0,0,1,62,0,27,25,1,0,4,3,5,0,0,0,0,8,0,0,3,0
2017-10-28,0,2,0,0,0,0,0,0,0,2,0,0,0,0,0,0,0,1,0,0,0,13,1,0,0,0,0,2,10,0,0,2,0,0,0,3,0,0,0,0,0,0,0,0,2,0,0,0,1,0
2017-10-29,0,0,0,0,0,0,4,0,0,0,0,0,0,0,0,0,1,8,0,0,2,12,13,6,0,0,0,0,6,0,0,0,5,0,0,2,0,0,0,0,0,0,0,0,0,1,0,0,2,0
2017-10-30,0,30,0,4,1,0,13,0,0,0,0,0,2,2,2,0,5,11,1,0,0,32,8,5,1,12,12,1,24,0,0,3,56,6,10,32,6,0,0,0,0,0,0,1,11,2,0,0,6,0
2017-10-31,0,40,0,3,4,0,9,3,0,2,0,0,3,0,1,7,6,19,0,0,4,27,6,6,8,17,17,0,42,3,0,0,46,15,10,30,7,0,0,0,21,0,0,0,8,8,0,0,2,0
2017-11-01,0,30,0,20,0,0,12,0,0,0,0,0,1,0,0,20,3,25,0,4,1,50,12,11,1,28,28,0,47,0,0,5,51,2,8,17,0,0,2,0,7,0,1,0,1,7,0,0,0,0
2017-11-02,0,40,0,12,1,1,14,5,5,1,1,0,0,1,3,10,8,24,0,0,0,35,3,2,1,16,16,0,42,2,0,2,57,2,5,15,5,0,7,0,3,0,0,9,1,24,0,0,3,0
2017-11-03,0,41,0,0,1,2,17,0,8,0,0,0,0,0,0,8,1,17,0,0,0,19,6,6,2,9,9,0,39,1,0,5,50,2,3,24,1,0,0,0,11,0,0,11,8,5,0,0,0,0
2017-11-04,0,2,0,0,0,0,2,0,0,0,0,0,0,3,3,0,0,6,0,0,0,10,5,3,0,0,0,0,3,0,0,1,3,0,0,6,3,0,0,0,0,0,0,0,6,0,0,0,0,0
2017-11-05,0,2,0,0,0,0,5,0,0,0,0,0,0,4,2,2,0,3,0,0,0,15,13,9,0,0,0,0,9,2,0,0,4,0,0,7,0,0,1,0,0,0,0,0,6,0,0,0,0,0
2017-11-06,0,31,0,2,1,0,18,0,24,0,1,0,0,0,2,2,4,16,0,0,2,22,17,15,2,14,14,0,47,3,0,4,34,0,6,17,6,5,0,0,25,1,0,0,25,6,0,0,0,0
2017-11-07,0,19,0,11,3,0,19,3,7,1,0,0,0,0,0,6,6,16,0,0,0,30,27,27,1,15,15,0,39,0,0,1,53,1,7,27,0,0,0,0,9,0,1,4,6,7,3,0,0,0
2017-11-08,0,25,0,3,2,0,16,6,7,2,2,0,2,0,0,2,5,25,0,0,0,32,16,16,2,16,16,0,41,0,0,2,48,1,0,20,12,2,0,5,14,0,9,2,1,12,0,0,2,0
2017-11-09,1,30,0,1,0,0,27,0,5,5,0,0,0,3,3,2,7,11,0,0,0,42,11,11,0,26,26,2,39,0,0,0,54,0,11,48,15,14,3,0,13,1,0,0,12,8,1,0,2,0
2017-11-10,0,10,0,0,2,0,9,0,3,0,2,0,0,0,7,1,5,17,0,0,0,16,17,17,0,9,9,2,37,0,0,0,46,0,2,35,5,9,0,3,4,0,2,0,0,9,0,1,0,0
2017-11-11,0,0,0,0,0,0,0,0,0,0,0,0,0,0,0,0,0,1,0,0,0,4,1,1,0,0,0,1,6,0,0,0,0,0,0,3,0,0,0,0,0,0,0,0,0,1,0,0,0,0
2017-11-12,0,3,0,1,0,0,7,0,3,0,0,0,0,0,0,0,0,6,0,0,0,23,13,8,0,5,5,0,6,0,0,0,3,0,3,5,2,0,0,0,3,0,0,0,0,3,0,0,0,0
2017-11-13,0,7,0,2,2,1,12,0,17,1,1,0,1,0,0,7,2,17,0,0,0,20,3,2,0,7,7,0,33,0,0,0,45,0,3,32,3,0,4,0,18,0,5,1,0,7,0,0,0,0
2017-11-14,0,18,0,1,1,0,17,1,1,4,5,0,2,3,2,4,3,18,0,1,0,32,7,7,0,13,13,0,32,2,0,1,56,1,7,29,1,0,3,0,1,2,0,0,3,6,2,0,1,0
2017-11-15,0,18,0,0,2,0,35,0,2,0,0,0,3,4,3,6,8,22,0,0,0,25,23,23,3,16,16,2,53,0,0,3,36,0,8,25,11,0,2,0,10,3,0,0,6,4,0,0,0,0
2017-11-16,0,12,0,5,0,2,27,0,2,4,1,0,1,3,11,10,0,37,0,0,2,36,18,18,0,17,17,0,39,0,0,0,52,0,2,23,7,0,2,7,5,0,0,0,9,7,0,0,0,0
2017-11-17,0,15,0,0,1,3,20,0,5,0,2,0,0,1,19,4,1,7,0,0,2,11,24,24,0,18,18,0,18,0,0,2,34,0,3,23,11,0,2,0,6,0,0,0,5,25,3,0,1,0
2017-11-18,0,2,0,0,0,0,0,0,1,2,0,0,0,0,0,1,0,1,0,0,0,9,8,7,0,0,0,0,8,0,0,0,1,0,0,3,0,0,0,0,1,0,0,0,0,0,0,0,0,0
2017-11-19,0,1,0,0,0,0,1,0,0,0,0,0,0,0,0,2,0,3,0,0,0,12,13,7,0,0,0,0,9,0,0,0,12,0,0,4,0,0,0,0,0,0,0,0,0,1,0,0,0,0
2017-11-20,0,10,0,0,0,0,23,2,3,0,0,0,0,0,6,1,2,15,0,0,1,25,12,11,0,15,15,0,33,1,0,0,46,0,3,23,6,0,0,1,3,0,0,1,1,4,0,0,1,0
2017-11-21,0,21,0,0,0,0,13,2,1,0,3,0,3,0,4,9,6,21,0,0,0,29,8,8,3,14,14,1,30,2,0,4,49,0,9,17,5,0,0,0,2,1,0,2,4,0,0,0,0,0
2017-11-22,0,14,0,0,0,0,16,0,7,0,1,0,0,0,4,9,3,12,1,0,0,28,7,7,0,11,11,0,23,0,0,0,43,0,3,17,2,0,0,8,7,1,0,0,0,3,0,0,0,0
2017-11-23,0,5,0,0,0,2,14,1,1,2,0,0,0,0,0,1,2,3,0,0,0,21,4,3,0,14,14,0,16,0,0,2,53,0,4,23,0,0,0,0,3,0,0,0,1,5,0,0,0,0
2017-11-24,0,10,20,0,0,0,27,0,2,0,0,0,0,0,0,1,1,8,0,0,0,18,6,5,0,10,10,0,16,0,0,4,47,4,0,26,2,0,1,0,2,2,0,0,0,1,0,0,0,0
2017-11-25,0,0,2,0,0,0,0,0,0,0,0,0,0,0,0,0,0,0,0,0,0,11,8,6,0,0,0,0,2,0,0,0,5,0,0,2,0,0,0,0,0,0,0,0,1,0,0,0,0,0
2017-11-26,0,2,0,0,0,0,2,0,0,0,0,0,0,0,0,0,2,9,0,0,0,12,18,13,0,3,3,0,5,0,0,3,10,0,0,2,0,0,2,0,0,1,0,0,0,2,0,0,0,0
2017-11-27,0,6,9,1,0,4,23,0,1,1,2,0,2,0,2,9,5,11,2,0,1,16,13,11,0,16,16,0,35,2,0,3,88,0,2,50,0,4,0,0,3,0,3,0,1,3,0,0,1,0
2017-11-28,0,13,0,0,0,0,23,0,1,0,0,0,0,0,7,5,15,23,0,0,0,20,1,1,1,31,31,0,49,3,0,4,93,0,19,51,4,0,1,0,2,0,0,0,0,7,0,0,0,0
2017-11-29,0,17,0,0,1,0,27,0,0,3,0,0,0,2,8,6,8,28,2,0,0,30,15,15,0,30,30,0,45,0,0,5,86,0,9,37,9,0,2,0,5,0,1,2,4,12,0,0,2,2
2017-11-30,0,23,0,0,0,1,31,1,0,0,1,0,0,1,4,4,20,23,0,0,4,26,5,5,1,30,30,0,43,0,0,3,103,1,4,51,5,1,2,0,8,0,0,0,1,5,0,0,1,0
2017-12-01,0,15,0,2,4,1,15,1,0,0,0,0,0,0,2,16,8,11,2,0,2,44,2,2,0,17,17,0,40,2,0,3,84,0,5,40,0,0,0,1,3,0,0,1,0,7,0,0,0,0
2017-12-02,0,1,0,0,0,0,1,0,0,0,0,0,0,0,0,0,1,1,0,0,0,15,4,4,0,0,0,0,8,0,0,0,4,0,0,5,0,0,1,0,0,0,0,0,0,0,0,0,0,0
2017-12-03,0,5,0,1,0,0,5,0,0,2,0,0,0,0,0,1,1,7,0,0,1,10,12,8,0,5,5,0,9,0,0,3,13,0,1,6,0,0,0,0,0,0,0,0,0,0,0,0,3,0
2017-12-04,1,18,0,0,1,0,14,0,8,0,1,0,0,0,6,18,15,10,1,0,1,26,14,11,0,15,15,0,29,2,0,0,91,0,5,50,7,3,1,5,8,0,1,0,0,6,0,0,0,0
2017-12-05,0,32,0,0,1,0,28,0,3,3,0,0,0,0,10,3,11,15,0,0,1,31,19,19,0,28,28,1,33,2,0,2,99,0,8,56,8,0,1,0,4,2,0,6,4,4,0,0,4,0
2017-12-06,0,24,6,6,1,0,22,0,8,0,0,0,0,0,6,9,12,18,2,0,0,39,22,22,2,37,37,1,34,4,0,1,90,0,17,54,3,0,0,3,9,0,0,0,4,2,0,0,7,0
2017-12-07,0,19,4,0,1,0,9,0,7,1,0,0,1,0,0,9,11,10,0,0,0,25,16,16,4,18,18,3,28,2,0,0,90,0,3,47,4,0,5,0,10,0,0,0,0,4,0,1,1,0
2017-12-08,0,17,0,0,0,0,12,0,0,0,0,0,0,0,0,6,9,28,0,0,0,22,8,8,1,8,8,2,25,1,0,0,68,0,9,20,1,0,5,0,1,0,0,0,1,1,0,2,0,0
2017-12-09,0,2,0,0,0,0,0,0,0,0,0,0,0,0,0,0,0,9,0,0,0,1,10,9,0,0,0,0,8,0,0,0,1,0,0,1,1,0,0,0,0,0,0,0,0,0,0,0,0,0
2017-12-10,0,0,0,0,0,0,1,0,0,0,0,0,2,0,0,1,0,5,0,0,0,3,11,6,7,0,0,0,8,0,0,1,6,0,0,2,0,0,0,0,0,0,0,0,0,0,0,0,0,0
2017-12-11,0,16,0,0,4,0,8,2,3,1,0,0,12,0,4,14,5,16,0,0,0,21,10,8,1,4,4,0,14,0,0,6,86,0,8,43,6,0,1,2,8,1,1,0,1,2,0,0,0,0
2017-12-12,0,17,0,4,1,0,14,0,2,0,0,0,0,0,10,15,13,12,0,0,0,29,13,13,1,8,8,0,31,2,0,2,81,0,3,43,7,0,5,0,3,0,0,0,1,6,0,1,1,0
2017-12-13,0,15,0,3,0,0,23,0,0,0,0,0,0,0,7,10,11,15,0,0,0,37,17,16,0,13,13,0,30,1,0,1,77,0,7,40,12,1,0,4,2,0,3,1,5,5,0,0,1,0
2017-12-14,0,22,5,1,2,1,30,1,0,3,4,0,2,1,8,1,21,14,0,2,5,36,43,43,2,30,30,2,31,2,0,0,88,0,4,59,12,0,1,1,1,0,0,0,1,5,0,0,0,0
2017-12-15,0,9,0,0,0,0,25,0,0,0,0,0,0,0,2,15,23,20,18,0,1,15,14,14,2,7,7,0,23,0,0,7,89,1,3,48,10,1,1,0,2,0,0,0,6,3,0,0,0,0
2017-12-16,0,0,0,0,0,0,0,0,0,0,0,0,0,0,0,0,0,3,3,0,0,4,5,5,0,2,2,0,13,0,0,2,2,0,0,3,0,0,0,0,0,0,0,0,0,2,0,0,0,0
2017-12-17,0,0,0,2,0,0,3,0,0,0,0,0,0,0,2,3,0,3,0,0,2,7,16,13,0,0,0,1,5,0,0,0,7,0,0,3,0,0,0,0,0,0,0,0,1,0,0,0,0,0
2017-12-18,0,9,0,2,0,0,14,0,1,0,1,0,0,0,1,19,16,14,7,0,1,23,10,9,0,14,14,2,27,2,0,3,88,5,1,43,4,0,2,0,1,1,2,2,0,2,0,0,0,0
2017-12-19,0,26,0,2,0,0,15,0,2,0,1,0,1,0,0,3,8,14,0,0,0,28,7,7,0,8,8,0,25,0,0,3,80,2,10,49,0,1,4,0,5,1,0,0,0,4,0,0,0,0
2017-12-20,0,13,0,1,0,1,11,1,0,2,2,0,0,0,4,7,7,22,0,0,0,21,10,10,0,5,5,2,29,2,0,1,95,0,6,57,3,0,2,0,2,0,0,0,4,0,0,0,0,0
2017-12-21,0,20,0,3,0,0,17,2,0,1,2,0,3,0,2,5,12,14,3,2,0,31,13,12,2,18,18,0,39,0,0,0,111,3,3,72,6,0,1,2,1,0,0,3,4,4,0,0,0,0
2017-12-22,0,11,0,0,3,0,7,1,4,0,1,0,9,0,4,5,12,14,5,0,1,16,14,13,0,11,11,3,18,0,0,0,75,0,4,28,1,0,0,0,6,0,1,0,1,5,0,2,6,0
2017-12-23,0,0,0,0,0,0,0,0,0,0,0,0,0,0,0,0,0,2,0,0,0,2,3,3,0,0,0,0,5,0,0,0,0,0,0,1,0,0,0,0,0,0,0,0,0,0,0,0,0,0
2017-12-24,0,0,0,0,0,0,0,0,0,0,0,0,0,0,0,1,0,3,0,0,0,7,12,7,0,3,3,0,1,0,0,0,1,0,0,0,0,0,0,0,0,0,0,0,1,0,0,0,0,0
2017-12-25,0,1,0,0,0,0,0,0,0,0,0,0,0,0,0,0,0,3,0,0,0,6,2,1,0,0,0,0,6,0,0,0,3,0,0,2,0,0,0,0,0,0,0,0,0,0,0,0,0,0
2017-12-26,0,19,3,0,0,0,7,0,11,0,0,0,0,0,0,1,3,8,0,0,0,5,5,5,0,5,5,0,9,0,0,0,21,0,0,23,4,0,0,1,0,5,0,0,0,5,0,0,0,0
2017-12-27,0,22,0,1,0,0,2,0,0,0,1,0,0,0,0,3,4,9,0,0,0,17,3,2,0,0,0,1,7,0,0,0,36,0,3,26,0,1,2,0,1,0,1,0,0,13,0,0,0,0
2017-12-28,0,25,0,0,0,1,9,0,0,0,0,0,1,0,0,1,7,4,0,0,0,12,3,3,0,6,6,0,9,0,0,0,35,0,3,27,4,0,1,0,1,0,0,0,0,0,0,0,1,0
2017-12-29,0,13,0,0,1,0,19,0,2,2,0,0,0,0,0,1,3,5,0,0,0,5,5,5,0,6,6,0,9,0,0,2,29,0,0,37,3,0,0,0,2,0,0,0,0,0,0,0,0,0
2017-12-30,0,0,0,0,0,0,0,0,2,0,0,0,0,0,0,0,0,1,0,0,0,4,4,4,0,0,0,0,6,0,0,2,1,0,0,5,0,0,1,0,2,0,0,0,0,0,0,0,0,0
2017-12-31,0,2,0,0,0,0,1,0,0,0,0,0,0,0,0,0,1,3,0,0,0,12,8,5,0,4,4,0,6,0,0,1,3,0,0,0,0,0,0,0,0,0,0,0,0,0,0,0,0,0
2018-01-01,0,0,0,0,0,0,1,0,0,0,0,0,0,0,0,0,0,5,0,0,0,10,14,10,0,1,1,2,3,0,0,0,6,0,0,2,0,0,1,0,0,0,0,0,1,0,0,0,0,0
2018-01-02,0,10,0,2,2,0,12,1,1,4,0,0,0,0,2,8,4,8,2,0,0,16,5,5,2,15,15,0,10,2,0,0,47,0,9,23,6,0,0,0,1,0,0,0,0,3,0,0,0,0
2018-01-03,0,18,0,1,0,0,10,0,0,8,0,0,0,0,0,6,4,20,0,0,0,23,4,4,3,20,20,0,39,1,0,0,56,0,6,50,1,5,3,1,6,0,3,1,2,9,0,0,4,0
2018-01-04,0,16,0,19,0,0,16,2,0,2,0,0,0,0,0,10,12,22,0,0,0,18,3,3,0,14,14,0,46,0,0,1,68,0,8,33,0,0,4,0,1,0,1,0,3,11,0,0,9,0
2018-01-05,0,26,0,9,3,0,22,3,0,2,0,0,0,0,3,16,10,24,0,0,0,27,7,7,0,25,25,1,29,0,0,1,58,0,18,24,3,0,1,0,5,5,0,7,1,0,0,0,0,0
2018-01-06,0,1,0,0,0,0,0,0,0,0,0,0,0,0,0,0,0,4,0,0,0,0,0,0,0,0,0,0,3,0,0,0,0,0,0,0,0,0,1,0,0,0,0,0,0,3,0,0,0,0
2018-01-07,0,6,0,2,0,0,3,0,0,0,0,0,3,0,0,1,3,5,0,0,0,13,10,10,0,1,1,0,6,0,0,0,2,0,1,2,0,0,1,0,0,0,0,2,0,0,0,0,0,0
2018-01-08,0,25,1,0,2,0,18,0,0,6,7,0,14,2,0,3,13,34,0,0,0,18,8,8,2,18,18,1,40,1,0,1,89,0,3,61,1,11,1,0,1,0,11,3,1,3,0,0,1,0
2018-01-09,0,14,3,0,5,0,19,0,2,0,0,0,4,0,3,10,6,21,0,0,0,32,14,14,5,14,14,0,41,0,0,2,55,0,12,38,0,4,0,2,6,1,1,1,4,5,0,0,1,0
2018-01-10,0,11,0,0,0,0,15,0,0,0,0,0,0,0,2,4,9,19,2,0,0,19,10,10,0,7,7,0,26,1,1,3,62,2,7,51,1,10,0,0,2,1,0,0,0,1,0,1,2,0
2018-01-11,0,10,0,0,0,0,8,0,0,3,0,0,0,0,8,7,22,10,0,0,0,26,2,2,0,19,19,1,36,0,0,3,76,0,5,50,3,1,4,2,0,1,0,0,0,4,0,0,0,0
2018-01-12,0,18,0,0,0,0,18,0,0,2,0,0,0,0,3,1,5,25,0,0,2,37,5,5,6,19,19,0,32,0,0,1,48,0,6,19,3,0,0,0,6,0,0,1,0,2,0,0,2,0
2018-01-13,0,0,0,0,0,0,2,0,0,0,0,0,0,0,0,3,0,3,0,0,0,12,7,7,0,1,1,0,3,1,0,0,2,0,1,5,0,0,1,0,0,0,0,3,0,0,0,0,0,0
2018-01-14,0,1,2,0,0,0,1,0,0,0,0,0,0,0,0,0,0,4,0,0,0,4,4,4,1,3,3,0,5,0,0,2,2,0,0,4,0,0,0,0,1,0,0,1,1,2,0,0,1,0
2018-01-15,0,2,0,2,0,0,2,0,0,2,0,0,0,0,0,1,8,3,0,0,0,14,7,7,0,8,8,0,11,0,0,0,46,0,0,36,2,0,1,0,2,0,0,0,0,5,0,0,0,0
2018-01-16,0,7,2,1,0,0,20,0,5,2,0,0,4,0,4,7,28,9,7,0,0,22,6,6,2,15,15,0,24,0,0,0,88,0,2,51,2,2,2,2,8,0,0,0,0,7,0,0,1,0
2018-01-17,0,25,0,0,2,0,13,0,5,0,0,0,2,0,0,4,14,13,0,0,0,14,5,5,2,13,13,0,47,0,0,1,83,2,8,31,2,0,2,0,3,0,0,0,1,0,2,0,0,0
2018-01-18,0,40,0,2,4,0,28,1,0,0,0,0,0,0,2,5,16,18,0,0,0,16,6,6,3,20,20,1,47,0,0,2,99,0,3,39,3,1,2,2,5,2,0,0,0,2,2,0,1,0
2018-01-19,0,12,0,0,0,0,25,3,4,0,0,0,0,0,2,3,9,16,0,0,1,23,2,2,0,21,21,0,41,0,0,0,71,0,7,34,6,5,1,0,12,0,0,0,2,2,0,0,5,0
2018-01-20,0,1,0,0,0,0,2,0,0,0,0,0,0,0,0,1,0,0,0,0,0,5,2,2,0,0,0,1,2,0,0,0,0,0,2,2,0,0,1,0,0,0,0,0,2,0,0,0,0,0
2018-01-21,0,3,0,0,0,0,6,0,0,0,0,0,0,0,0,0,1,0,0,0,0,9,5,4,0,5,5,0,9,0,0,1,3,0,1,6,3,1,0,0,1,0,0,2,0,0,0,0,0,0
2018-01-22,0,15,5,2,1,0,20,0,3,0,6,0,21,2,6,4,13,17,0,0,0,30,7,5,4,16,16,0,19,0,0,1,95,0,6,40,17,0,3,0,2,0,1,0,0,0,1,0,1,0
2018-01-23,0,19,0,0,2,0,35,0,6,6,0,0,0,0,1,2,12,18,0,0,0,35,21,20,0,24,24,0,26,1,0,1,94,0,7,61,25,5,4,0,8,0,0,1,2,17,4,0,0,0
2018-01-24,0,27,0,2,3,0,16,0,3,4,2,0,0,0,13,0,16,19,3,0,0,28,9,9,0,23,23,1,55,1,0,4,104,2,4,44,9,0,3,0,10,0,0,8,1,7,10,0,1,0
2018-01-25,0,6,0,0,0,0,9,0,3,3,12,0,5,0,5,2,22,25,0,0,0,19,13,13,2,7,7,3,48,5,4,5,98,0,2,35,5,0,2,0,8,0,0,11,0,8,0,0,0,0
2018-01-26,0,10,0,0,0,0,17,0,0,1,0,0,1,0,4,2,12,5,0,0,0,16,6,6,2,5,5,1,36,3,0,1,54,0,5,23,0,0,1,0,3,0,0,12,1,1,0,0,0,0
2018-01-27,0,0,0,0,0,0,0,2,0,0,0,0,0,0,0,0,0,0,0,0,0,4,0,0,0,0,0,0,5,0,0,2,1,0,0,0,0,0,0,0,0,0,0,0,1,0,0,0,0,0
2018-01-28,0,4,0,0,0,0,6,0,0,0,0,0,0,0,0,0,1,4,0,0,0,8,2,2,0,2,2,0,4,0,0,0,5,0,0,5,0,0,0,0,0,0,0,0,2,0,0,0,0,0
2018-01-29,0,35,0,0,0,0,24,0,3,0,0,0,3,2,5,3,11,25,0,0,0,32,11,11,0,23,23,0,38,0,0,1,80,6,10,42,4,0,5,4,3,1,0,2,4,8,0,0,0,0
2018-01-30,0,39,0,3,1,0,35,0,0,2,0,0,2,0,0,1,25,16,0,0,8,19,7,7,0,10,10,1,47,0,0,3,115,0,7,44,0,0,3,0,3,2,0,0,0,1,0,0,3,0
2018-01-31,0,26,0,20,2,0,20,1,4,2,0,0,2,0,5,5,22,20,2,0,4,41,17,16,0,30,30,0,44,0,0,3,133,6,16,50,3,4,6,7,7,3,0,3,2,5,0,4,0,0
2018-02-01,0,33,0,2,4,0,41,0,4,2,0,0,0,0,0,7,24,29,0,0,1,52,9,9,0,46,46,4,35,2,2,7,141,2,13,69,5,0,0,14,5,0,0,2,0,3,0,0,1,0
2018-02-02,0,43,0,0,0,0,26,0,0,0,0,0,1,3,1,2,11,24,0,0,0,29,11,11,3,27,27,0,31,3,0,4,95,1,10,42,3,0,3,0,0,0,0,9,2,4,0,0,0,0
2018-02-03,0,0,0,0,0,0,0,0,0,0,0,0,0,0,0,1,0,0,0,0,0,10,5,5,0,1,1,0,7,0,0,0,0,0,0,0,3,0,0,0,0,0,0,1,1,0,0,0,0,0
2018-02-04,0,6,0,0,0,0,2,0,1,0,0,0,0,0,0,0,1,2,6,0,0,5,4,4,1,4,4,0,4,0,0,1,7,0,0,4,0,0,0,1,1,0,0,0,0,1,0,0,0,0
2018-02-05,0,26,0,0,0,1,16,0,15,2,0,0,1,0,3,1,9,30,4,0,1,22,5,5,1,21,21,0,30,1,0,1,110,1,4,24,3,4,4,0,16,0,0,0,0,16,0,0,0,0
2018-02-06,0,29,0,2,2,0,14,0,1,0,0,0,1,2,2,5,25,26,3,0,0,13,8,8,5,15,15,0,24,0,0,1,140,0,4,60,4,1,3,0,5,1,0,2,0,7,0,0,1,0
2018-02-07,0,32,0,0,0,0,24,0,0,2,5,0,0,0,0,3,22,24,0,5,0,18,9,9,8,21,21,0,26,2,0,1,117,0,3,52,2,0,1,2,0,0,0,0,0,14,0,0,0,0
2018-02-08,0,7,1,0,0,0,29,4,5,0,1,0,1,2,9,10,31,27,4,0,0,41,2,2,6,24,24,0,33,1,0,1,131,1,8,43,6,5,0,0,10,0,4,3,4,7,0,0,1,0
2018-02-09,0,9,0,0,1,3,24,4,8,0,0,0,1,0,0,4,11,18,0,0,0,33,9,9,0,19,19,0,11,1,0,4,75,0,6,50,0,7,3,2,9,0,0,0,0,6,0,0,0,0
2018-02-10,0,0,0,0,0,0,2,0,0,0,0,0,0,0,0,0,2,0,0,0,0,3,1,1,0,0,0,0,2,0,0,2,1,0,0,1,0,0,0,0,0,0,0,0,0,0,0,0,0,0
2018-02-11,0,0,0,0,0,0,1,0,0,0,0,0,0,0,2,0,1,0,0,0,0,6,9,9,0,0,0,0,5,0,0,0,3,0,0,5,0,0,0,0,0,0,0,2,0,0,0,0,0,0
2018-02-12,0,10,0,0,0,0,19,0,9,1,2,0,0,0,9,4,16,17,3,0,0,14,20,20,0,7,7,0,24,0,0,0,86,0,0,53,0,0,5,0,8,2,0,3,1,1,0,4,1,0
2018-02-13,0,18,0,0,0,3,31,0,5,4,4,0,2,0,2,0,20,18,0,0,3,40,13,13,2,18,18,0,29,2,0,3,106,5,7,34,6,0,10,0,5,0,0,0,0,0,0,0,17,0
2018-02-14,2,21,0,0,1,5,24,0,5,2,1,0,1,0,4,10,33,22,0,0,0,29,14,13,1,21,21,0,23,4,0,4,119,5,8,40,11,0,8,1,6,1,0,0,1,2,0,1,0,0
2018-02-15,1,32,0,2,0,0,21,0,2,0,2,0,3,0,7,0,20,24,3,0,0,32,12,11,0,13,13,2,24,2,0,2,98,0,0,57,3,0,2,1,1,1,0,1,2,2,2,0,0,0
2018-02-16,0,6,0,0,2,0,11,0,7,0,0,0,0,3,0,0,12,8,0,0,0,32,1,1,0,11,11,0,25,1,0,13,81,0,2,44,4,0,4,4,7,2,0,3,1,5,0,0,0,0
2018-02-17,0,4,0,0,0,0,0,0,2,0,0,0,0,0,0,0,0,3,0,0,0,9,0,0,3,2,2,0,8,0,0,0,3,0,0,16,0,0,0,3,2,0,0,0,0,0,0,0,0,0
2018-02-18,0,0,0,0,0,0,0,0,0,0,0,0,0,0,3,0,1,2,0,0,0,6,2,2,0,0,0,2,6,0,0,0,5,0,0,23,0,2,1,0,0,0,0,0,1,0,0,0,0,0
2018-02-19,0,2,0,0,0,0,4,0,0,0,0,0,0,0,0,0,8,1,0,0,0,14,3,3,0,6,6,0,15,2,0,0,54,0,2,16,0,0,0,0,0,0,0,2,0,0,0,0,0,0
2018-02-20,0,11,0,0,1,2,16,0,7,0,0,0,1,0,4,4,29,11,1,0,1,14,15,15,0,6,6,2,23,0,0,2,93,1,2,44,3,2,1,0,17,1,0,0,1,0,1,0,8,0
2018-02-21,0,12,0,0,2,2,24,0,12,0,0,2,1,0,2,6,22,17,0,0,0,12,6,6,0,10,10,0,38,1,0,3,115,0,0,37,9,1,1,0,15,1,0,0,1,7,0,1,0,0
2018-02-22,0,14,0,0,1,3,20,1,1,0,0,0,0,0,3,4,33,7,0,0,0,21,5,5,6,7,7,0,30,1,0,2,125,0,4,46,6,0,6,0,3,4,0,0,3,4,0,0,0,0
2018-02-23,0,6,0,0,1,0,12,1,2,3,0,0,0,0,0,3,13,19,0,0,0,25,10,10,1,22,22,2,32,0,0,4,63,0,5,43,3,0,1,0,4,5,0,0,0,7,0,0,2,0
2018-02-24,0,9,0,0,0,0,2,0,0,0,0,0,0,0,2,0,0,1,0,0,0,11,0,0,0,4,4,0,8,0,0,1,0,0,0,5,0,0,1,0,2,0,0,0,1,0,0,0,0,0
2018-02-25,0,8,0,0,0,0,7,0,0,0,0,0,0,0,0,0,1,6,0,0,0,10,2,2,0,8,8,0,19,0,0,0,6,0,6,3,0,0,0,0,1,1,0,0,0,2,0,0,0,0
2018-02-26,0,22,0,0,1,0,18,0,19,6,0,0,0,0,0,4,12,14,2,0,0,30,14,13,0,23,23,0,39,1,0,3,93,2,8,39,2,0,2,1,19,0,2,0,0,8,0,1,0,0
2018-02-27,0,12,0,0,1,0,37,1,7,7,0,0,4,0,48,2,22,31,0,0,4,25,66,64,2,25,25,2,31,1,0,0,112,0,8,64,17,2,1,3,7,1,0,4,4,0,0,0,1,2
2018-02-28,0,12,0,1,0,0,26,0,0,2,0,6,12,0,12,2,18,25,1,0,3,30,20,20,0,16,16,1,43,1,0,0,120,0,8,53,4,0,0,0,1,0,0,0,1,5,0,0,0,0
2018-03-01,0,8,0,1,0,2,18,0,3,2,0,0,0,0,6,4,26,26,5,0,0,43,9,9,0,22,22,0,38,0,0,0,144,3,7,58,4,0,2,3,3,0,0,0,0,2,0,0,3,0
2018-03-02,0,0,1,0,0,0,4,0,3,0,4,0,0,0,0,10,12,13,0,0,0,18,9,8,0,3,3,1,30,0,0,3,95,0,3,27,1,0,0,0,6,1,1,0,0,4,0,0,0,0
2018-03-03,0,2,0,0,0,0,2,0,0,0,0,0,0,1,0,0,0,2,0,0,0,2,0,0,0,2,2,0,1,0,0,1,0,0,0,3,0,0,1,0,0,0,0,0,1,0,0,0,0,0
2018-03-04,0,4,0,2,0,0,3,0,0,0,0,0,0,0,2,0,0,2,0,0,0,6,10,10,0,3,3,0,8,0,0,0,10,0,0,4,3,0,1,0,1,1,0,0,0,0,0,0,0,0
2018-03-05,0,9,0,2,0,3,14,0,16,3,0,0,1,0,5,6,18,10,0,0,0,20,15,12,0,6,6,0,38,3,0,0,112,2,7,34,10,0,1,0,18,0,0,3,0,2,0,0,1,0
2018-03-06,0,2,2,0,0,0,14,0,14,0,0,0,1,0,1,1,10,24,0,0,0,23,8,7,0,16,16,0,44,1,0,0,115,1,2,42,3,0,1,0,19,1,0,0,4,6,0,0,0,0
2018-03-07,0,6,0,11,3,0,20,0,5,0,4,0,0,0,2,1,15,15,0,0,2,36,6,6,0,10,10,0,31,0,0,7,132,0,2,66,4,0,1,0,7,1,0,0,1,7,0,0,0,0
2018-03-08,0,11,0,0,1,2,15,3,2,0,1,1,1,0,4,1,18,12,0,0,18,37,15,15,0,11,11,1,41,1,0,2,142,0,4,50,0,0,1,0,2,0,0,0,6,10,0,0,3,0
2018-03-09,0,12,0,0,0,2,10,0,13,0,0,0,0,0,3,1,14,5,0,0,2,29,13,13,0,8,8,1,31,0,0,2,106,0,4,32,6,0,2,2,12,0,0,1,2,9,0,0,2,0
2018-03-10,0,0,0,0,6,0,2,0,0,0,0,0,0,0,0,0,0,0,0,0,2,7,2,2,0,2,2,0,6,0,0,0,2,0,0,0,2,0,3,0,0,0,6,0,2,2,0,0,0,0
2018-03-11,0,0,0,0,0,0,6,0,0,0,0,0,0,0,0,0,0,0,0,0,0,5,9,9,0,0,0,0,9,0,0,0,3,0,1,8,3,0,1,0,0,0,0,0,1,0,0,0,0,0
2018-03-12,0,15,0,0,0,0,10,2,18,0,3,0,0,0,0,1,13,14,0,1,0,29,4,4,1,15,15,0,33,0,0,1,129,0,8,54,2,0,1,0,17,1,1,1,0,2,0,0,1,0
2018-03-13,0,14,0,3,0,2,28,2,19,0,0,0,0,0,3,3,13,12,0,0,3,36,8,8,1,28,28,0,76,0,0,2,130,0,19,39,3,0,0,0,19,0,0,3,0,7,1,0,0,0
2018-03-14,0,6,0,1,0,2,20,0,13,2,0,0,0,0,4,4,17,14,0,1,1,24,7,6,0,20,20,0,46,0,0,3,158,0,6,49,5,0,1,0,14,2,1,1,1,11,0,0,2,0
2018-03-15,1,17,5,3,0,0,31,2,15,4,1,0,0,1,2,8,23,19,0,0,2,31,10,10,2,20,20,0,52,0,0,3,140,0,6,63,6,0,2,0,14,3,0,0,1,5,0,0,0,0
2018-03-16,0,10,10,0,0,2,14,0,4,6,0,0,0,0,0,15,12,15,2,1,0,15,8,8,0,6,6,0,28,2,0,0,114,0,6,43,6,0,2,0,9,0,0,0,2,2,0,0,0,0
2018-03-17,0,0,0,0,0,0,2,0,0,0,0,0,0,0,0,0,0,3,0,0,0,14,1,1,0,0,0,0,8,0,0,0,1,0,0,2,0,0,1,0,0,0,0,0,1,2,0,0,0,0
2018-03-18,0,1,0,0,0,0,1,0,0,3,0,0,0,0,0,0,0,3,0,0,0,13,10,9,0,1,1,0,16,0,0,0,7,0,0,2,5,0,0,0,0,0,0,0,1,0,0,0,0,0
2018-03-19,1,27,2,0,0,0,35,0,1,1,0,0,3,1,0,6,26,29,4,0,6,77,6,6,0,41,41,0,27,3,0,1,140,0,13,45,9,0,0,0,2,0,2,0,0,7,0,0,0,0
2018-03-20,1,28,0,0,0,0,15,0,0,1,0,0,1,0,0,2,5,28,0,0,0,96,5,4,0,32,32,1,54,1,0,1,132,0,15,45,11,0,2,1,2,0,1,8,0,7,0,0,2,0
2018-03-21,2,15,0,0,0,4,19,0,1,0,0,0,2,0,0,5,13,30,0,0,0,104,2,2,2,26,26,2,52,0,0,0,125,0,8,34,2,0,0,0,2,1,1,3,1,6,0,0,0,0
2018-03-22,0,11,0,0,0,3,22,0,0,4,0,0,0,3,2,7,15,30,0,2,0,81,6,6,0,32,32,2,49,0,0,0,126,0,17,46,8,0,1,0,5,0,0,0,1,9,0,0,1,0
2018-03-23,0,16,0,0,3,0,25,1,5,7,0,0,1,0,3,1,6,8,0,0,0,51,9,9,0,24,24,0,38,0,0,2,95,0,12,53,2,0,3,0,5,4,0,0,1,9,0,0,1,0
2018-03-24,0,7,0,0,0,0,0,0,0,0,0,0,0,0,0,0,0,2,0,0,0,3,1,1,0,2,2,0,8,0,0,0,0,0,0,1,2,0,1,0,2,0,0,2,0,0,0,0,0,0
2018-03-25,0,4,0,0,3,0,7,0,0,0,0,0,0,0,0,0,0,6,0,0,0,17,3,3,0,16,16,0,10,0,0,0,6,0,7,7,4,0,0,0,0,0,0,0,0,1,0,0,0,0
2018-03-26,0,14,1,0,2,0,12,1,1,3,0,0,0,0,0,4,8,17,0,0,0,60,11,11,0,20,20,0,52,0,0,1,129,0,15,50,8,0,1,0,4,0,0,4,0,3,0,0,2,0
2018-03-27,0,20,0,0,2,0,28,1,2,4,1,0,1,0,2,1,15,14,0,3,1,63,6,5,0,45,45,0,31,0,0,4,129,2,8,52,5,16,8,0,2,1,0,2,0,15,0,0,1,0
2018-03-28,0,30,3,0,0,0,41,0,4,9,1,0,5,0,0,8,10,18,0,0,3,83,8,8,0,41,41,0,60,1,0,10,135,1,14,57,27,13,1,0,8,0,0,0,1,24,0,0,5,0
2018-03-29,0,27,0,0,4,0,46,0,2,1,0,0,3,0,5,15,17,12,0,0,2,74,14,14,3,28,28,2,38,0,0,6,129,1,12,52,16,4,1,0,2,0,0,5,1,13,0,0,2,0
2018-03-30,0,7,0,0,0,0,5,0,2,2,0,0,0,0,0,1,1,6,0,0,3,9,4,4,0,1,1,0,10,0,0,0,34,0,3,3,2,0,0,0,2,0,0,1,1,1,0,0,1,0
2018-03-31,0,3,0,0,0,0,5,0,0,0,0,0,0,0,0,0,2,1,0,0,2,4,8,8,0,0,0,2,7,0,0,0,1,0,0,7,0,2,1,0,0,0,0,0,1,4,0,0,1,0
2018-04-01,0,0,0,0,0,0,0,1,0,0,0,0,0,0,0,0,0,1,0,0,0,3,6,6,0,0,0,0,13,0,0,0,3,0,2,3,0,0,0,0,0,0,0,0,1,2,0,0,1,0
2018-04-02,0,18,0,0,0,0,32,0,0,3,0,0,3,0,0,3,5,23,0,0,1,32,10,10,0,11,11,0,22,0,0,0,78,2,17,46,8,0,2,0,1,0,0,0,0,20,0,0,0,0
2018-04-03,0,29,0,0,1,0,49,0,1,0,0,4,0,1,4,13,7,36,0,3,1,39,10,10,2,20,20,0,31,1,0,0,131,0,5,44,15,0,2,1,1,0,5,0,0,21,0,0,2,0
2018-04-04,0,26,0,10,0,0,35,0,6,0,0,0,0,2,1,2,11,25,0,0,4,34,15,15,0,21,21,0,54,0,0,1,113,0,5,36,6,4,2,0,4,1,0,3,0,13,0,1,2,0
2018-04-05,0,9,1,1,3,0,32,0,0,0,4,0,0,0,0,1,15,13,1,0,0,58,9,9,2,14,14,0,34,3,0,0,96,0,2,53,13,0,1,0,0,0,0,0,0,5,0,0,0,0
2018-04-06,0,11,0,2,0,0,19,0,0,2,0,0,0,0,0,4,8,20,0,0,0,34,7,7,0,8,8,1,21,0,0,0,67,0,5,29,8,0,2,0,1,1,0,0,0,7,0,1,0,0
2018-04-07,0,0,0,0,0,0,2,0,0,0,0,0,0,0,0,0,2,10,0,0,0,6,1,1,0,0,0,0,10,0,0,0,2,0,0,8,0,0,0,0,0,0,0,0,0,0,0,0,0,0
2018-04-08,0,3,0,0,0,0,2,0,0,0,0,0,0,0,0,0,2,3,0,0,0,10,0,0,0,2,2,0,15,0,0,0,12,0,2,3,0,0,1,0,0,0,0,0,0,0,0,0,0,0
2018-04-09,0,19,0,0,0,2,4,0,0,4,5,0,2,0,0,5,6,14,0,0,0,44,5,5,0,10,10,0,23,0,0,1,129,0,1,42,12,0,0,3,3,4,3,3,3,6,0,0,0,0
2018-04-10,0,6,0,0,4,0,11,0,0,1,0,1,1,0,2,5,8,20,0,1,0,65,10,10,2,16,16,5,47,1,0,2,133,0,1,49,5,3,1,3,0,1,0,4,9,11,0,0,2,0
2018-04-11,0,2,0,1,1,0,15,0,0,0,0,0,3,1,7,12,14,13,0,0,0,37,7,7,0,7,7,0,39,0,0,3,93,3,0,31,10,0,1,0,1,1,0,0,9,6,0,0,1,0
2018-04-12,0,7,0,0,0,0,16,0,4,0,0,0,2,0,2,4,15,28,0,0,0,50,13,13,0,3,3,0,30,0,0,1,116,0,10,38,4,0,0,1,3,1,0,4,1,7,0,0,4,0
2018-04-13,0,12,1,0,0,0,15,0,0,2,0,0,0,0,5,5,14,20,0,0,0,42,6,6,0,8,8,1,36,4,0,0,86,1,4,36,6,0,3,0,1,2,0,2,0,14,0,0,0,0
2018-04-14,0,0,0,0,0,0,0,0,0,0,0,0,0,0,0,0,1,2,0,0,0,4,0,0,0,0,0,0,18,0,0,0,0,0,0,3,0,0,0,0,2,0,0,3,1,0,0,0,0,0
2018-04-15,0,1,0,0,0,0,4,0,0,0,0,0,0,0,0,0,0,2,0,0,0,14,3,3,0,7,7,0,7,0,0,0,9,0,0,8,1,0,2,0,0,1,0,1,0,0,0,0,0,0
2018-04-16,0,9,1,1,0,2,25,1,2,2,0,0,0,0,0,4,19,21,0,1,0,50,9,9,0,25,25,1,27,0,0,1,107,1,11,65,22,0,1,0,6,1,0,5,6,11,0,0,2,0
2018-04-17,0,22,0,2,2,1,37,0,1,3,0,0,0,0,3,2,16,29,3,0,2,46,18,18,3,28,28,2,34,5,4,0,116,0,15,40,22,0,0,0,5,3,0,8,3,10,0,1,0,0
2018-04-18,0,2,0,1,1,0,23,0,2,0,0,0,0,0,3,1,11,19,9,0,0,30,10,10,1,19,19,0,31,6,0,1,117,1,2,47,14,0,2,2,6,0,0,3,0,12,0,0,1,0
2018-04-19,0,18,0,0,2,6,26,0,3,3,0,1,1,0,9,3,19,20,0,0,0,37,16,16,2,19,19,0,38,0,0,3,131,4,3,55,7,6,2,0,16,0,0,3,0,7,0,0,0,0
2018-04-20,0,32,0,0,0,0,12,0,3,1,5,0,0,3,3,5,13,20,1,1,0,47,3,3,1,18,18,0,34,0,0,4,90,0,8,35,8,0,3,0,7,4,0,0,0,4,2,0,1,0
2018-04-21,0,2,0,0,0,0,0,0,0,0,0,0,0,0,0,0,0,3,0,0,0,9,0,0,0,2,2,0,4,0,0,0,0,0,0,6,0,0,0,0,0,0,0,0,0,0,0,0,0,0
2018-04-22,0,1,0,0,0,0,3,0,0,0,0,0,0,0,0,0,0,6,0,0,0,11,7,7,0,3,3,0,7,0,0,1,3,0,1,2,0,0,0,0,0,0,0,0,0,0,1,0,0,0
2018-04-23,1,10,0,1,4,0,35,0,0,2,2,2,3,0,0,1,18,15,3,0,9,46,6,6,2,38,38,0,27,0,0,0,117,0,20,50,9,0,1,1,0,3,1,0,0,7,3,0,1,1
2018-04-24,3,52,0,1,10,5,30,0,0,4,5,0,3,0,0,2,34,21,0,0,7,55,6,6,3,49,49,1,28,0,0,1,158,1,8,52,10,0,1,2,1,2,5,2,0,0,4,0,2,0
2018-04-25,0,21,0,1,1,3,17,0,0,3,0,3,0,1,31,3,39,28,2,0,2,46,24,24,5,25,25,2,35,3,0,5,175,0,9,57,3,0,0,8,7,1,0,5,0,2,0,0,4,0
2018-04-26,0,23,0,0,2,0,34,0,2,5,2,0,0,0,3,9,42,19,0,0,0,59,15,15,0,25,25,0,50,2,0,0,238,0,15,55,5,0,9,2,23,1,0,4,1,9,4,5,1,0
2018-04-27,0,12,0,0,2,0,38,0,1,4,1,0,0,3,3,2,17,2,0,0,0,33,3,3,3,23,23,0,41,0,0,2,137,0,23,47,7,1,1,0,3,3,0,2,15,7,0,0,3,0
2018-04-28,0,0,0,0,0,0,7,0,0,0,0,0,0,0,0,0,0,3,0,0,0,10,1,1,0,4,4,0,6,0,0,1,2,0,0,1,0,0,0,0,0,0,0,0,0,0,0,0,0,0
2018-04-29,0,1,0,0,0,0,9,0,1,2,0,0,1,0,2,0,3,6,0,0,0,2,1,1,0,1,1,0,4,0,0,1,10,0,0,7,0,0,0,0,1,0,0,0,8,0,0,0,0,0
2018-04-30,0,21,0,0,1,0,16,1,4,4,0,0,9,0,3,6,21,18,0,0,0,24,6,6,1,24,24,1,22,0,0,1,136,0,4,51,5,0,0,0,0,0,1,3,36,2,1,0,0,0
2018-05-01,0,34,0,0,4,0,17,0,2,0,1,0,0,0,5,1,17,22,0,0,6,34,14,14,7,11,11,0,38,1,0,0,106,4,11,58,4,0,1,0,3,1,6,2,9,2,0,0,0,0
2018-05-02,2,48,2,6,1,0,26,0,7,0,2,0,0,0,0,7,22,14,0,1,3,43,4,3,8,7,7,0,41,0,0,6,184,0,3,56,5,0,0,2,2,0,0,3,5,13,0,0,0,0
2018-05-03,0,20,0,1,4,0,13,5,0,0,5,0,2,2,4,4,30,18,0,0,5,29,9,9,0,13,13,0,42,0,0,5,200,0,3,56,2,0,0,0,1,5,4,0,7,30,0,0,0,0
2018-05-04,0,26,0,1,0,0,14,3,0,2,0,0,5,0,2,5,12,16,0,0,2,13,5,5,2,5,5,0,36,0,0,3,106,4,6,39,1,0,1,0,3,0,0,4,4,7,0,0,0,0
2018-05-05,0,9,0,0,0,0,11,0,0,0,0,0,0,0,0,0,0,8,0,0,2,1,1,1,0,4,4,0,14,0,0,0,2,0,1,2,0,0,0,3,0,0,0,2,1,0,0,0,0,0
2018-05-06,0,5,0,0,0,0,2,0,0,0,0,0,0,0,0,0,1,6,0,0,0,5,2,2,0,1,1,0,4,0,0,0,6,0,0,7,0,0,0,0,0,0,0,0,0,0,0,0,0,0
2018-05-07,0,28,0,0,0,0,26,0,0,3,0,0,0,0,4,4,17,9,0,4,0,11,6,6,1,10,10,0,28,1,0,3,130,5,8,62,6,0,0,0,2,0,0,23,4,5,0,0,0,0
2018-05-08,0,14,0,0,0,0,21,3,0,0,0,1,0,2,26,2,15,17,0,0,0,31,25,25,2,24,24,1,46,0,0,0,134,0,7,33,11,0,0,0,4,3,1,6,4,3,1,0,0,0
2018-05-09,0,8,0,0,0,0,24,0,1,0,0,0,0,0,4,3,11,21,0,0,0,28,30,29,2,22,22,1,49,2,0,2,122,2,6,48,6,0,1,1,6,1,0,1,7,10,0,0,0,0
2018-05-10,0,21,0,0,0,0,12,0,0,0,0,4,0,0,4,4,10,27,0,0,2,26,5,5,0,20,20,0,26,0,0,0,126,0,11,30,3,9,1,0,4,0,3,6,0,15,0,0,0,0
2018-05-11,0,16,0,0,0,0,6,0,0,0,0,0,0,0,3,1,2,15,0,0,4,23,4,3,1,5,5,0,16,4,0,0,50,0,3,27,0,11,2,0,1,0,0,1,1,5,0,0,0,0
2018-05-12,0,2,0,0,0,0,3,0,2,0,0,0,0,0,0,0,1,5,0,0,0,8,0,0,0,5,5,2,4,0,0,0,0,0,3,3,0,0,0,0,2,0,0,0,0,5,2,0,0,0
2018-05-13,0,0,0,0,0,0,2,0,0,0,0,0,0,0,0,0,1,7,0,0,0,2,9,9,0,7,7,0,12,0,0,0,0,0,0,0,2,0,0,0,3,0,0,0,0,3,0,0,0,0
2018-05-14,0,18,0,0,0,0,14,0,0,2,0,0,0,0,3,5,10,10,0,0,2,28,8,8,0,12,12,0,33,1,0,0,75,0,3,24,4,1,3,0,14,0,0,0,2,17,0,0,0,0
2018-05-15,1,22,2,10,4,0,37,0,2,1,0,0,0,2,6,5,6,31,0,0,3,42,7,7,2,19,19,1,37,0,0,0,114,4,6,42,4,3,0,2,7,2,0,5,1,13,1,0,0,0
2018-05-16,0,4,2,0,1,0,11,3,0,0,0,0,2,0,5,0,3,29,0,0,1,47,16,16,0,4,4,0,31,0,0,1,51,1,8,42,11,0,1,2,1,0,1,4,0,16,0,0,0,0
2018-05-17,0,17,0,1,6,0,30,2,0,0,3,0,4,0,1,1,6,18,0,0,3,27,15,14,3,21,21,0,47,0,0,0,60,0,6,28,5,1,1,6,5,0,0,0,4,6,0,0,0,0
2018-05-18,0,9,0,0,1,0,8,0,0,4,1,0,0,0,0,3,9,11,1,0,0,21,8,8,3,13,13,0,43,1,0,2,42,0,2,16,4,0,2,4,6,0,2,0,4,6,0,0,0,0
2018-05-19,0,0,0,0,0,0,0,0,0,0,0,0,0,0,0,0,0,7,0,0,0,10,2,2,2,1,1,0,4,0,0,0,1,0,0,1,0,0,0,0,0,0,0,0,2,3,0,0,0,0
2018-05-20,0,0,0,0,0,0,0,0,0,0,0,0,0,0,0,0,0,8,0,0,0,2,7,7,0,0,0,0,11,2,0,0,1,0,0,0,0,0,0,0,0,0,0,0,0,0,0,0,0,0
2018-05-21,0,6,6,0,1,0,7,0,0,1,0,0,3,0,7,0,7,14,0,0,0,25,12,12,0,8,8,0,24,0,0,1,53,0,5,30,4,2,0,2,7,0,0,1,1,15,0,0,0,0
2018-05-22,0,9,3,0,1,0,12,1,2,0,0,0,1,0,3,4,5,9,0,0,3,43,5,4,0,16,16,0,40,1,0,1,41,0,6,30,0,0,0,0,8,2,0,0,3,23,0,0,2,0
2018-05-23,0,6,0,2,2,0,14,0,2,0,0,0,0,0,9,1,6,25,0,0,0,34,13,12,0,9,9,0,46,0,0,1,46,0,9,31,2,0,4,1,2,0,0,2,5,13,0,0,1,0
2018-05-24,0,11,2,0,0,0,16,0,0,1,0,0,0,0,7,1,1,16,0,0,0,36,12,11,0,18,18,0,44,0,0,5,27,0,5,13,10,0,1,1,2,0,0,0,6,11,0,0,0,0
2018-05-25,0,13,0,0,0,0,10,0,8,0,0,0,0,0,1,0,0,19,0,0,0,29,8,8,0,11,11,2,29,0,0,0,14,0,4,19,1,0,5,1,2,0,0,2,3,9,0,0,0,0
2018-05-26,0,0,0,0,0,0,0,0,0,0,0,0,0,0,0,0,0,7,0,0,0,12,1,0,0,2,2,0,2,1,0,0,0,0,0,0,0,0,0,0,0,0,0,0,0,2,0,0,0,0
2018-05-27,0,0,0,0,0,0,0,0,0,0,0,0,0,0,0,0,0,4,0,0,0,6,1,1,0,2,2,0,4,0,0,1,1,0,0,0,1,0,0,0,3,0,0,0,0,0,0,0,0,0
2018-05-28,0,4,0,0,0,0,4,0,0,1,0,0,0,0,1,1,0,9,0,0,0,9,1,1,0,2,2,0,15,1,0,0,14,0,0,13,3,0,0,0,0,0,0,2,2,0,0,0,1,0
2018-05-29,0,9,0,0,0,0,10,0,0,2,0,0,0,0,1,2,2,17,0,0,0,17,2,2,3,6,6,0,30,0,0,0,14,0,4,20,3,0,0,0,5,0,3,8,5,7,0,0,1,0
2018-05-30,0,7,0,9,0,0,13,0,0,0,0,0,0,0,6,5,1,16,0,0,0,21,7,7,0,8,8,0,31,2,2,0,21,0,4,16,4,0,0,3,3,0,0,0,1,7,0,0,0,0
2018-05-31,0,10,0,0,0,0,14,0,0,2,0,0,0,0,4,3,3,16,0,0,0,27,12,12,2,13,13,0,30,1,0,5,20,2,2,8,6,0,0,0,2,0,0,0,1,5,0,0,2,0
2018-06-01,0,29,0,0,5,0,11,0,1,2,0,0,4,0,2,4,4,34,0,0,0,24,7,5,4,33,33,1,20,4,2,0,15,0,7,6,3,0,0,0,7,0,0,0,3,2,0,0,0,0
2018-06-02,0,2,0,0,0,0,1,0,0,0,0,0,2,0,0,0,0,10,0,0,0,3,2,2,0,1,1,2,9,0,0,0,1,0,1,0,0,0,0,0,2,0,0,0,0,0,0,0,0,0
2018-06-03,0,1,0,0,2,0,1,0,0,0,0,0,1,0,0,1,0,5,0,0,0,8,6,6,2,0,0,0,16,1,1,1,0,0,0,2,0,0,0,0,0,0,2,0,0,0,0,0,0,0
2018-06-04,0,29,0,0,4,0,22,0,0,0,0,0,0,0,1,1,0,13,0,0,0,22,15,15,1,8,8,0,27,0,0,3,15,0,17,10,1,2,0,6,2,2,1,4,3,5,0,0,0,0
2018-06-05,0,36,5,0,6,2,25,0,1,6,0,0,0,0,8,5,0,17,0,0,0,33,22,22,0,15,15,0,29,3,0,2,20,0,22,10,25,0,3,7,3,0,0,6,3,10,2,0,0,0
2018-06-06,0,16,0,0,2,2,16,0,0,0,2,0,0,0,7,2,0,19,0,0,2,36,7,7,2,10,10,0,25,0,0,0,14,0,5,18,2,0,3,0,2,0,0,0,3,24,0,0,1,0
2018-06-07,0,8,2,0,0,0,21,0,7,2,0,0,0,0,7,1,0,18,0,0,6,23,13,13,1,18,18,0,40,2,0,3,19,0,8,21,1,0,0,0,13,0,0,2,4,10,0,0,1,0
2018-06-08,0,22,0,0,0,0,15,0,6,1,0,0,0,0,7,1,2,8,0,0,0,26,14,14,0,10,10,0,31,1,0,2,12,2,2,17,6,0,0,0,8,0,0,0,2,6,0,0,1,0
2018-06-09,0,0,0,0,0,0,0,0,3,0,0,0,0,0,0,1,0,8,0,0,0,3,1,0,0,0,0,0,5,0,0,0,2,0,0,0,0,0,0,0,3,0,0,0,0,0,0,0,0,0
2018-06-10,0,3,0,0,0,0,4,0,0,0,0,0,0,0,0,0,0,6,0,0,0,3,14,14,0,0,0,0,3,0,0,3,1,0,0,2,1,0,0,0,0,0,0,0,0,2,0,0,0,0
2018-06-11,0,5,0,0,4,0,9,0,0,2,0,0,0,0,4,4,2,10,0,0,2,22,9,9,0,11,11,2,24,0,0,0,13,0,6,6,0,0,0,0,3,0,0,0,1,9,0,0,2,2
2018-06-12,0,10,0,0,0,0,14,0,0,3,2,0,0,6,14,12,0,15,0,0,5,29,18,18,2,20,20,0,23,1,0,0,25,0,2,14,16,0,5,0,0,2,0,5,11,27,0,0,2,0
2018-06-13,0,5,0,2,0,0,9,0,0,2,0,0,0,0,22,5,0,23,1,0,0,24,30,30,0,13,13,0,26,0,0,2,14,0,0,15,15,0,0,3,2,0,2,0,5,9,0,0,0,0
2018-06-14,0,7,3,1,0,0,18,2,2,0,0,0,0,0,18,3,2,17,0,0,0,22,23,23,2,14,14,0,27,0,0,1,17,0,5,4,6,0,0,3,3,0,0,1,3,11,0,0,4,0
2018-06-15,0,12,4,2,3,1,14,0,2,1,0,0,0,0,10,1,0,18,0,0,0,13,21,19,0,11,11,0,39,0,0,2,14,0,2,2,10,0,0,0,10,0,0,0,6,4,0,0,2,0
2018-06-16,0,0,0,0,0,0,0,0,0,0,0,0,0,0,0,1,0,7,0,0,0,4,2,2,0,0,0,0,7,0,0,0,0,0,0,3,0,0,0,0,0,0,0,0,0,0,0,0,0,0
2018-06-17,0,0,0,0,0,0,3,0,0,0,0,0,0,0,0,2,0,9,0,0,0,14,3,3,0,2,2,0,4,0,0,0,1,0,0,3,3,0,0,0,0,0,0,0,0,0,0,0,0,0
2018-06-18,0,11,0,2,0,3,22,0,0,0,2,0,0,0,1,0,2,15,0,0,0,24,5,5,0,16,16,0,23,0,0,4,19,0,7,10,4,0,0,0,0,0,0,2,1,6,0,0,0,0
2018-06-19,0,16,0,0,0,0,14,0,2,4,0,0,0,0,5,0,0,12,1,0,0,27,13,13,0,15,15,0,35,0,0,2,29,0,11,5,2,0,0,0,7,0,0,5,3,2,0,0,4,0
2018-06-20,0,17,0,2,0,0,24,0,0,1,0,0,0,0,22,0,1,27,0,0,2,40,29,29,2,28,28,0,39,3,0,1,21,0,10,17,15,2,0,0,2,0,1,12,1,9,0,0,10,0
2018-06-21,0,18,0,2,0,0,30,0,0,1,0,0,0,0,15,5,2,16,0,0,0,25,23,23,2,15,15,0,37,3,0,2,17,0,7,18,9,2,0,2,2,0,0,0,2,9,0,0,0,0
2018-06-22,1,11,2,0,0,0,4,2,2,2,0,0,0,0,2,0,0,16,0,0,0,23,10,9,0,8,8,0,36,0,0,2,16,0,9,12,6,4,0,1,5,0,0,5,6,7,2,0,0,0
2018-06-23,0,0,0,0,0,0,0,0,0,2,0,0,0,0,0,0,0,7,0,0,0,6,2,2,0,0,0,0,4,0,0,5,7,0,0,1,0,0,0,0,2,0,0,0,0,0,0,0,0,0
2018-06-24,0,2,0,0,0,0,4,0,0,1,0,0,0,0,0,0,0,7,0,0,0,6,11,11,0,2,2,0,8,0,0,0,2,0,0,0,2,0,0,0,0,0,0,0,0,0,0,0,0,0
2018-06-25,0,8,1,0,0,0,18,0,0,0,0,0,2,0,2,0,0,16,0,0,0,19,3,3,0,17,17,0,24,0,0,11,18,0,2,13,14,1,2,2,0,0,0,1,1,0,1,0,0,0
2018-06-26,0,13,0,0,0,0,22,0,0,1,0,0,0,0,1,4,0,14,0,0,0,20,3,3,0,12,12,0,29,0,0,0,18,1,7,13,8,3,0,0,0,0,0,2,0,3,0,0,1,0
2018-06-27,0,10,0,0,0,0,17,0,0,6,0,0,0,0,6,3,3,12,0,0,0,11,18,17,0,4,4,2,25,0,0,3,17,0,3,0,9,0,2,0,0,7,1,2,5,5,0,0,0,0
2018-06-28,0,12,0,0,1,0,49,0,2,1,2,0,0,0,10,0,1,16,0,0,10,29,32,32,0,25,25,0,57,1,0,0,20,2,6,21,4,0,3,0,4,0,0,9,7,7,0,0,19,0
2018-06-29,0,12,0,0,1,0,17,1,3,0,3,0,0,2,7,0,0,12,0,0,0,21,33,33,3,5,5,0,37,1,0,0,18,0,5,18,3,0,2,0,6,0,0,0,6,4,0,3,5,0
2018-06-30,0,0,0,0,0,0,0,0,0,0,0,0,0,0,0,0,0,6,0,0,0,2,0,0,0,0,0,0,3,1,0,0,3,0,0,2,0,0,0,0,0,0,0,0,0,0,0,0,0,0
2018-07-01,0,1,0,0,0,0,0,0,0,0,0,0,0,0,0,0,0,7,0,0,0,3,6,6,0,0,0,0,3,0,0,0,6,0,0,6,0,0,2,0,0,0,0,0,0,1,0,0,0,0
2018-07-02,0,8,0,0,0,0,9,0,0,0,0,0,0,0,0,0,1,14,0,0,0,18,7,7,0,12,12,0,11,1,0,3,22,0,2,20,7,2,0,0,1,0,0,4,0,22,0,0,1,0
2018-07-03,0,10,0,0,0,0,10,0,2,0,0,0,1,0,0,6,1,11,0,0,0,39,4,4,0,14,14,0,19,1,0,3,15,0,3,17,3,2,2,0,2,0,0,1,0,13,0,0,0,0
2018-07-04,0,3,0,0,0,0,9,0,0,0,0,0,0,0,2,1,0,6,0,0,0,13,6,6,0,5,5,3,14,0,0,1,16,0,0,27,4,0,0,0,0,0,0,0,0,5,0,0,0,0
2018-07-05,0,8,1,15,2,0,7,0,2,0,0,0,0,0,0,1,0,9,0,0,2,12,13,13,0,13,13,0,33,1,0,1,19,0,5,25,4,0,0,0,5,0,0,0,0,5,0,0,0,0
2018-07-06,0,12,0,0,0,0,4,0,0,5,15,0,0,0,0,1,0,6,0,0,0,13,4,4,0,0,0,0,26,0,0,2,23,0,6,13,0,1,0,0,4,0,0,0,0,3,0,0,1,0
2018-07-07,0,0,0,2,0,0,0,0,0,0,0,0,0,0,0,0,0,5,0,0,0,2,1,1,0,2,2,0,5,0,0,2,6,0,0,0,0,0,0,0,0,0,0,0,0,0,0,0,0,0
2018-07-08,0,2,0,0,0,0,0,0,0,0,0,0,0,0,0,0,0,6,0,0,0,2,1,1,0,2,2,0,4,0,0,1,3,0,0,0,0,0,0,2,0,0,0,0,0,0,0,0,0,0
2018-07-09,3,11,0,0,0,0,5,0,0,4,3,0,0,0,7,1,1,15,0,0,0,11,17,17,0,12,12,0,20,0,0,1,14,0,5,20,0,0,0,1,2,2,0,7,1,12,1,0,0,0
2018-07-10,3,11,0,0,0,0,9,0,0,8,1,0,1,0,4,9,0,23,2,0,0,29,6,6,0,17,17,0,22,1,0,2,17,0,1,13,2,2,18,0,0,0,0,4,1,14,0,0,5,0
2018-07-11,1,20,0,3,0,0,14,3,8,4,0,0,0,0,23,7,1,11,0,0,0,28,32,30,0,15,15,0,41,0,0,0,18,0,2,12,5,2,0,0,9,0,0,4,0,9,2,0,0,0
2018-07-12,0,12,0,0,0,0,22,0,21,0,4,0,0,0,21,1,0,10,0,0,0,17,23,23,0,9,9,0,43,0,0,5,14,0,11,12,13,0,0,0,8,0,0,0,1,9,0,0,0,0
2018-07-13,0,4,0,0,0,0,16,0,3,1,0,2,0,0,10,0,4,13,0,0,0,26,14,14,0,10,10,0,29,0,0,0,12,1,6,15,12,0,2,0,2,2,0,0,1,1,2,0,0,0
2018-07-14,0,0,0,0,0,0,6,0,0,0,0,0,0,0,0,0,0,7,0,0,0,10,2,2,0,1,1,0,9,0,0,2,0,0,0,2,1,0,1,0,0,0,0,0,0,0,0,0,0,0
2018-07-15,0,0,0,0,0,0,3,0,0,0,0,0,0,0,0,0,0,6,0,0,0,10,4,3,0,3,3,1,8,0,0,0,5,0,0,3,1,0,0,0,0,0,0,0,0,0,0,0,2,0
2018-07-16,0,5,0,0,0,0,27,0,3,2,0,0,0,0,5,6,0,12,0,0,0,19,9,9,0,12,12,0,33,0,0,0,16,0,13,7,18,0,2,0,2,0,0,0,1,4,0,0,1,0
2018-07-17,0,13,0,0,2,3,23,0,0,1,2,5,0,0,7,4,4,15,3,0,0,32,6,5,0,33,33,0,38,0,0,0,16,0,11,12,24,0,1,0,2,0,0,0,0,7,3,0,0,0
2018-07-18,0,25,2,0,0,3,24,0,0,2,0,0,0,0,2,2,1,11,10,0,0,14,9,9,0,34,34,0,53,0,0,0,19,3,14,2,10,0,0,0,0,0,0,6,0,10,2,0,0,0
2018-07-19,0,9,1,0,1,0,19,0,0,0,0,0,0,0,13,1,2,21,6,0,2,22,18,18,0,23,23,0,41,0,0,4,29,0,11,7,8,4,0,3,6,0,2,1,1,7,0,0,0,0
2018-07-20,0,18,0,0,0,0,13,0,2,0,0,0,2,0,5,0,2,13,0,0,3,16,10,10,0,6,6,0,19,0,0,0,16,0,21,9,3,0,0,0,4,0,0,0,2,3,0,0,0,0
2018-07-21,0,2,0,0,0,0,2,1,0,0,0,0,0,0,0,0,0,3,0,0,0,2,8,8,0,2,2,0,9,0,0,1,0,0,2,6,0,0,2,0,0,0,0,0,0,0,0,0,0,0
2018-07-22,0,0,0,0,0,0,4,0,0,0,0,0,0,0,0,0,0,4,0,0,0,10,4,4,0,2,2,0,10,0,0,0,1,3,0,2,0,0,0,0,1,0,0,0,0,0,0,0,0,0
2018-07-23,0,11,0,0,0,0,18,0,0,0,0,0,0,0,0,2,2,16,0,0,1,21,4,4,2,14,14,0,29,0,0,2,19,2,2,5,11,1,0,0,0,0,0,0,1,21,0,0,0,0
2018-07-24,0,11,0,0,3,1,16,0,0,2,16,0,0,0,0,3,6,26,0,0,0,42,1,1,2,34,34,2,36,3,0,0,17,0,3,3,6,0,4,0,0,0,0,5,1,2,2,0,0,0
2018-07-25,0,16,0,0,0,0,29,0,1,4,3,0,0,0,5,0,2,23,0,0,2,46,4,4,3,31,31,2,28,0,0,4,16,9,8,14,13,2,2,2,18,0,0,4,1,4,1,0,2,0
2018-07-26,0,15,1,0,8,0,38,3,0,2,6,0,3,0,10,5,0,22,0,0,3,61,13,13,1,32,32,0,23,1,0,3,16,3,11,14,14,0,0,0,41,1,0,6,0,2,0,0,0,0
2018-07-27,0,24,0,0,1,0,33,0,5,0,0,0,0,4,4,2,1,18,0,0,0,45,8,8,0,20,20,1,34,2,0,2,17,0,11,10,15,0,0,0,6,4,0,1,1,2,0,0,0,0
2018-07-28,0,0,0,0,0,0,6,0,0,0,0,0,0,1,0,0,0,3,0,0,0,9,0,0,0,0,0,0,2,0,0,0,0,0,0,2,2,0,0,0,0,0,0,0,0,0,0,0,0,0
2018-07-29,0,1,0,0,0,0,0,0,0,0,0,0,0,0,0,0,0,6,0,0,0,8,1,1,0,3,3,1,2,0,0,0,0,0,0,4,2,0,0,0,0,1,0,0,0,0,0,0,0,0
2018-07-30,0,19,0,0,0,0,25,0,0,0,0,0,0,1,0,4,0,9,0,0,0,31,7,7,0,21,21,0,32,0,0,2,13,0,6,18,14,0,0,0,0,2,0,2,7,7,0,0,0,0
2018-07-31,0,33,0,0,0,2,17,0,0,4,0,0,1,3,2,4,2,28,0,0,0,41,10,10,0,10,10,0,30,0,0,4,20,0,2,16,22,0,0,0,7,0,2,4,2,9,0,0,0,0
2018-08-01,0,57,0,9,0,0,22,0,0,2,0,0,0,0,0,6,2,15,0,0,6,49,0,0,0,24,24,0,35,0,0,0,19,0,0,19,14,0,0,1,2,0,0,0,6,21,0,0,2,0
2018-08-02,0,45,0,1,2,0,22,5,0,2,0,0,0,0,2,3,1,13,0,3,4,30,11,11,0,25,25,0,34,0,0,0,22,0,10,17,9,3,0,0,6,0,3,3,2,19,0,2,1,0
2018-08-03,0,32,0,0,0,0,22,2,0,1,0,0,0,0,4,6,0,13,0,0,0,19,10,10,0,15,15,2,15,0,0,14,14,0,6,12,10,0,1,0,0,0,0,6,2,3,0,0,0,0
2018-08-04,0,4,0,1,0,0,1,0,0,0,0,0,0,0,0,0,0,8,0,0,0,3,2,2,0,1,1,0,5,0,0,0,0,0,1,0,0,0,0,0,0,0,0,0,0,0,0,0,0,0
2018-08-05,0,3,0,0,0,0,0,0,0,0,0,0,0,0,0,0,0,10,0,0,0,3,4,4,0,0,0,0,7,0,0,0,1,0,0,3,0,0,0,0,0,0,0,0,0,0,0,0,0,0
2018-08-06,0,13,0,0,0,0,8,0,0,2,0,2,0,0,0,1,0,19,0,0,0,19,10,10,0,5,5,0,24,0,0,0,16,2,1,7,1,0,10,2,2,5,1,0,4,0,0,0,0,0
2018-08-07,0,9,0,0,0,1,13,0,0,4,0,0,0,0,2,1,0,21,0,0,8,30,16,16,0,17,17,0,19,0,0,0,19,0,11,7,3,2,6,0,2,0,0,0,2,32,0,0,0,0
2018-08-08,0,11,0,0,0,2,21,0,0,0,0,0,0,0,5,1,2,20,0,0,0,31,19,19,0,19,19,0,23,0,0,0,14,0,10,7,4,2,0,0,3,2,0,0,2,28,0,0,0,0
2018-08-09,0,18,0,2,0,0,25,0,0,1,0,4,0,0,0,1,3,18,0,0,4,15,16,16,0,11,11,0,32,0,0,4,14,4,7,9,4,0,2,0,0,0,0,0,4,18,0,0,3,0
2018-08-10,0,14,0,0,0,0,9,0,0,0,0,0,0,0,0,1,0,15,0,0,2,16,9,9,0,2,2,2,29,0,0,1,19,0,0,7,4,0,0,3,3,0,0,1,5,14,0,0,0,0
2018-08-11,0,0,0,0,0,0,0,0,0,0,0,0,0,0,0,0,0,5,0,0,0,7,0,0,0,0,0,0,3,0,0,0,0,0,0,3,0,0,0,0,0,0,0,0,0,1,0,0,0,0
2018-08-12,0,4,0,0,0,0,7,0,0,0,0,0,0,0,0,0,0,8,0,0,0,5,1,1,0,2,2,0,11,0,0,0,2,0,0,1,0,0,0,0,0,0,0,0,0,1,0,0,0,0
2018-08-13,0,17,0,0,0,0,18,0,0,2,2,0,0,0,0,1,4,11,0,0,4,14,9,9,0,9,9,0,16,0,0,1,19,0,0,4,11,0,0,0,0,0,0,2,1,23,0,0,0,0
2018-08-14,0,25,0,2,0,0,14,0,0,4,0,0,0,3,0,2,0,8,0,0,1,18,10,9,0,18,18,0,18,0,0,1,17,0,6,10,10,9,3,4,1,0,2,0,5,26,0,0,0,0
2018-08-15,0,5,0,0,0,0,10,0,0,5,5,0,0,0,0,1,2,13,0,0,6,23,10,10,3,11,11,0,18,0,0,0,13,0,3,1,5,1,0,0,0,2,0,2,2,13,0,2,2,0
2018-08-16,0,10,0,1,0,0,18,0,0,0,0,0,0,0,4,0,0,23,0,0,0,26,11,11,0,24,24,0,36,1,0,0,20,0,7,8,8,3,0,0,0,3,0,0,4,19,0,0,1,0
2018-08-17,0,21,0,4,0,0,13,0,0,4,0,0,0,0,0,2,0,11,0,0,0,20,5,5,0,17,17,0,14,1,0,2,14,0,1,8,11,13,2,0,2,0,1,0,1,25,0,0,1,0
2018-08-18,0,0,0,0,0,0,0,0,0,0,0,0,0,0,0,0,0,7,0,0,0,1,0,0,0,0,0,0,3,0,0,1,0,0,0,7,0,0,0,0,0,0,0,0,0,0,0,0,0,0
2018-08-19,0,1,0,0,0,0,1,0,0,3,0,0,0,0,0,0,0,8,0,0,0,4,0,0,0,1,1,0,0,0,0,0,0,0,0,0,1,0,0,0,0,0,0,0,0,1,0,0,0,0
2018-08-20,0,11,0,0,0,0,5,0,0,3,1,0,3,0,2,1,0,12,0,0,2,17,8,8,0,11,11,0,23,0,0,0,11,0,3,14,1,4,8,0,1,0,0,0,4,11,0,0,0,0
2018-08-21,0,9,0,0,0,0,12,0,0,0,1,0,0,0,2,11,0,18,0,0,0,15,7,7,0,8,8,0,25,2,0,0,18,0,20,13,1,0,6,0,0,2,0,0,1,10,0,0,0,0
2018-08-22,0,16,0,0,0,0,12,2,2,2,1,0,0,0,3,7,4,13,0,0,0,31,8,8,4,14,14,0,22,0,0,1,20,0,10,10,9,2,0,2,2,3,2,0,1,8,0,0,0,0
2018-08-23,0,11,0,0,0,0,10,0,0,3,1,0,0,0,1,2,0,25,0,0,0,38,19,18,0,8,8,0,30,2,0,0,16,0,7,9,3,2,1,0,0,0,0,0,1,6,0,0,0,0
2018-08-24,0,9,0,0,0,0,12,0,0,0,1,0,0,0,2,5,0,12,0,0,4,18,4,4,0,15,15,0,16,0,0,0,15,0,3,12,5,0,0,0,0,0,0,1,3,2,0,0,0,0
2018-08-25,0,0,0,0,0,0,2,0,0,0,0,0,0,0,0,0,0,9,0,0,0,2,2,2,0,0,0,0,3,0,0,0,0,0,0,3,0,0,0,0,0,0,0,0,0,4,0,0,0,0
2018-08-26,0,1,0,0,0,0,0,1,0,0,0,0,0,0,0,0,0,10,0,0,0,1,0,0,0,0,0,0,2,1,0,1,0,0,0,0,0,0,0,0,0,0,0,0,0,2,0,0,0,0
2018-08-27,0,3,0,0,2,0,13,0,2,0,1,0,0,0,2,0,0,15,0,0,0,23,0,0,3,13,13,0,13,0,0,3,11,0,4,7,3,2,2,0,2,0,0,2,3,23,0,0,0,0
2018-08-28,0,6,0,0,1,0,14,0,0,2,1,0,0,3,3,0,0,13,0,0,0,17,4,4,2,15,15,1,24,0,0,2,16,0,5,10,5,0,0,0,0,0,0,4,5,12,0,0,0,0
2018-08-29,0,10,0,0,2,0,22,0,0,0,0,0,0,0,4,0,1,15,0,0,0,32,10,10,0,28,28,0,29,2,0,1,16,0,7,17,4,0,2,3,0,0,0,0,2,4,0,0,0,0
2018-08-30,0,17,0,0,0,0,25,0,0,4,1,0,0,0,5,0,0,22,0,0,0,26,6,6,2,14,14,1,17,2,0,3,16,0,2,3,12,0,0,0,0,0,0,0,1,10,0,0,0,0
2018-08-31,0,20,0,0,0,0,19,1,2,0,0,0,0,0,0,0,1,11,0,0,0,19,0,0,0,18,18,0,13,0,0,2,17,0,3,2,3,0,2,0,3,0,0,7,0,11,0,0,0,0
2018-09-22,0,0,0,0,0,0,0,0,0,0,0,0,0,0,0,0,0,0,0,0,0,0,0,0,0,0,0,0,0,0,0,0,0,0,0,0,0,0,0,0,0,0,0,0,0,0,0,0,0,0
2018-09-24,0,0,0,0,0,0,0,0,0,0,0,0,0,0,0,0,0,0,0,0,0,0,0,0,0,0,0,0,0,0,0,0,0,0,0,0,0,0,0,0,0,0,0,0,0,0,0,0,0,0
2018-09-27,0,0,0,0,0,0,0,0,0,0,0,0,0,0,0,0,0,0,0,0,0,0,0,0,0,0,0,0,1,1,0,0,0,0,0,0,0,0,0,0,0,0,0,0,0,0,0,0,0,0
2018-09-28,0,0,0,0,0,0,0,0,0,0,0,0,0,0,0,0,0,0,0,0,0,0,0,0,0,0,0,0,1,0,0,0,0,0,0,0,0,0,0,0,0,0,0,0,0,0,0,0,0,0
2018-09-29,0,0,0,0,0,0,0,0,0,0,0,0,0,0,0,0,0,0,0,0,0,0,0,0,0,0,0,0,0,0,0,0,0,0,0,0,0,0,0,0,0,0,0,0,0,0,0,0,0,0
2018-09-30,0,0,0,0,0,0,0,0,0,0,0,0,0,0,0,0,0,3,0,0,0,2,3,3,0,0,0,0,0,0,0,0,0,0,0,0,0,0,0,0,0,0,0,0,0,3,0,0,1,0
2018-10-01,0,7,0,0,0,0,12,0,1,0,0,1,3,0,7,1,1,17,0,0,0,34,10,10,3,18,18,0,28,0,0,2,25,0,4,12,5,0,0,0,2,0,1,2,1,24,0,0,2,0
2018-10-02,0,10,0,0,0,0,26,0,1,0,0,1,0,0,2,1,1,15,0,0,0,38,3,3,0,14,14,0,41,0,0,0,21,0,3,6,7,1,9,0,0,0,1,0,1,8,0,0,2,0
2018-10-03,0,15,0,23,2,0,28,1,1,0,2,1,0,3,3,7,0,11,0,0,0,29,14,14,0,15,15,0,41,0,0,0,18,0,2,9,2,1,0,2,0,0,0,0,3,10,0,0,0,0
2018-10-04,0,12,0,12,0,0,28,0,1,0,1,1,0,0,4,7,3,11,0,0,0,36,6,6,1,13,13,0,48,2,0,1,15,0,1,18,8,0,0,0,0,0,0,2,1,15,0,0,0,1
2018-10-05,0,20,0,0,0,0,28,0,1,0,0,1,0,0,1,4,4,12,0,0,2,27,6,6,2,9,9,1,36,6,0,4,13,0,6,18,5,0,0,0,0,0,0,0,1,21,0,0,2,0
2018-10-06,0,0,0,0,0,0,3,0,0,0,0,0,0,0,0,0,0,1,0,0,0,8,3,3,0,0,0,0,5,0,0,4,0,0,0,0,0,0,0,0,0,0,0,0,0,0,0,0,0,0
2018-10-07,0,5,0,2,0,0,5,0,0,0,0,0,0,0,3,0,0,3,0,0,0,8,7,7,0,1,1,0,9,2,0,0,2,0,0,4,0,0,0,0,0,0,0,0,2,0,0,0,0,0
2018-10-08,0,10,4,4,0,0,19,0,1,0,0,1,0,0,7,2,0,7,0,0,0,23,15,15,0,32,32,0,35,1,0,2,12,0,15,6,8,5,0,0,0,0,0,4,2,7,0,0,0,0
2018-10-09,0,24,0,4,0,0,19,0,3,2,0,1,0,0,3,1,0,10,0,0,0,22,10,10,0,26,26,0,26,0,0,2,14,2,8,12,5,0,2,4,2,2,1,7,2,2,0,0,0,0
2018-10-10,0,13,0,2,0,0,28,0,9,0,0,2,0,0,5,1,0,27,0,0,3,31,13,13,0,14,14,0,45,0,0,2,20,1,7,13,5,11,0,1,9,0,0,1,2,12,0,0,0,0
2018-10-11,0,15,0,0,2,0,27,0,1,2,0,1,0,0,0,2,0,7,0,0,0,28,18,18,0,12,12,2,27,0,0,0,13,0,3,13,7,0,0,0,0,1,0,1,2,10,0,0,8,0
2018-10-12,0,15,0,0,0,0,34,0,3,1,0,1,0,0,2,1,0,12,0,0,0,19,5,4,0,22,22,1,33,1,0,2,15,1,11,19,13,0,0,0,0,0,0,0,1,6,0,0,0,0
2018-10-13,0,6,0,0,0,0,3,0,1,0,0,0,0,0,0,0,0,6,0,0,0,6,9,9,0,1,1,0,6,0,0,0,0,0,0,1,0,0,1,0,0,0,0,0,0,0,0,0,0,0
2018-10-14,0,2,0,0,0,0,0,0,0,0,0,0,0,0,0,0,0,1,0,0,0,2,11,11,0,0,0,0,11,0,0,0,1,0,0,5,0,0,1,0,0,0,0,0,0,0,0,0,0,0
2018-10-15,0,17,0,0,0,0,15,0,2,2,0,1,0,4,0,6,1,13,0,0,0,15,9,9,0,9,9,1,17,1,0,0,15,0,9,15,3,0,0,0,0,2,0,3,1,4,0,0,0,0
2018-10-16,0,19,8,0,2,4,22,0,2,0,0,0,0,0,4,5,3,13,3,0,2,26,20,20,0,17,17,0,26,0,0,3,16,0,10,5,17,0,0,0,6,0,2,0,0,12,0,0,0,0
2018-10-17,0,16,0,0,4,3,19,0,0,2,1,1,0,0,1,10,0,11,0,0,3,27,25,25,2,16,16,2,26,1,0,0,18,0,6,8,26,1,1,0,0,0,3,0,3,12,0,0,1,0
2018-10-18,0,20,0,3,2,0,22,1,0,0,0,1,0,0,5,11,0,18,0,0,0,39,19,19,0,17,17,2,33,1,0,0,22,0,5,8,7,0,0,3,0,0,0,7,1,8,0,0,0,0
2018-10-19,0,12,0,0,0,0,8,0,0,0,0,1,0,0,0,1,0,14,0,2,0,27,3,3,0,8,8,0,38,3,0,0,19,0,10,11,5,0,1,10,2,0,2,1,1,6,0,0,0,0
2018-10-20,0,2,0,0,0,0,2,0,0,0,0,0,0,0,0,0,0,1,0,0,0,8,1,1,0,2,2,0,3,0,0,0,0,0,0,4,0,0,0,0,0,0,0,0,0,0,0,0,0,0
2018-10-21,0,2,0,0,0,0,3,0,0,0,0,0,0,0,0,2,0,4,0,0,0,7,6,6,0,3,3,0,9,0,0,0,0,0,3,8,1,0,0,2,0,0,0,0,0,3,0,0,0,0
2018-10-22,0,11,0,0,0,0,23,0,0,2,0,1,0,0,0,3,0,10,0,0,0,11,7,7,1,21,21,0,30,0,0,0,16,0,13,9,5,0,3,2,0,0,0,0,1,9,2,0,0,0
2018-10-23,0,32,0,0,0,0,21,0,0,2,3,1,0,5,4,3,0,21,3,0,0,29,8,8,0,26,26,1,49,1,0,3,17,0,13,9,7,2,1,2,5,0,0,1,3,12,3,0,0,0
2018-10-24,0,21,0,0,3,0,20,0,2,0,3,0,0,0,0,4,1,15,0,0,3,31,1,1,0,24,24,0,38,0,0,4,22,0,22,17,8,2,1,2,3,2,5,0,0,26,16,0,0,0
2018-10-25,0,20,0,2,2,0,46,2,0,4,4,2,3,0,8,6,1,19,2,0,0,38,17,17,4,32,32,0,41,2,0,0,19,0,28,15,11,0,2,0,5,0,5,4,6,12,4,0,0,0
2018-10-26,0,18,0,0,0,0,55,2,0,0,0,0,0,3,7,2,1,12,0,0,0,38,6,6,0,50,50,0,16,0,0,0,16,0,16,10,11,0,0,0,2,0,0,0,0,6,0,0,0,0
2018-10-27,0,3,0,0,0,0,1,0,0,0,0,0,0,0,0,0,0,5,0,0,0,5,3,3,0,1,1,0,4,0,0,0,1,0,0,3,0,0,0,1,2,0,0,0,0,2,0,0,0,0
2018-10-28,0,2,2,0,0,0,10,0,2,0,0,0,0,0,0,0,0,5,0,0,0,4,3,3,0,8,8,0,8,0,0,1,1,0,4,1,0,0,0,2,0,0,0,0,0,0,0,0,0,0
2018-10-29,0,7,0,2,0,0,33,0,0,0,0,2,0,0,0,1,0,18,0,0,1,34,3,3,2,34,34,0,27,0,0,0,18,3,11,13,12,0,2,0,3,4,2,1,3,13,0,0,0,0
2018-10-30,0,19,2,3,3,1,20,3,0,3,0,0,0,0,0,1,0,24,0,3,2,30,17,14,2,25,25,0,32,0,0,0,20,0,3,21,4,2,7,2,0,0,0,0,4,5,0,0,0,0
2018-10-31,0,21,0,13,2,0,17,0,0,2,0,0,0,0,2,8,0,15,0,0,0,33,8,8,0,21,21,0,41,3,0,3,25,0,2,24,11,0,2,4,0,0,2,1,3,11,2,0,0,0
2018-11-01,0,27,4,12,4,0,22,0,1,5,0,0,0,2,2,3,1,23,0,0,10,28,11,10,0,22,22,3,50,0,0,6,22,0,2,9,6,0,2,0,1,0,0,4,1,11,0,0,0,0
2018-11-02,0,44,0,0,3,0,9,0,2,7,3,0,0,0,0,9,1,26,0,0,0,29,4,4,0,24,24,1,11,0,0,6,18,0,4,13,5,0,1,0,2,1,0,8,0,14,0,0,1,0
2018-11-03,0,4,0,0,0,0,2,0,0,0,0,0,0,0,0,0,0,1,0,0,0,3,0,0,0,0,0,0,4,0,0,1,2,0,0,3,0,0,0,0,0,0,0,0,0,2,0,0,0,0
2018-11-04,0,3,0,0,0,0,6,0,0,0,0,0,0,0,2,0,0,1,0,0,0,5,11,11,0,3,3,1,9,0,0,0,2,0,0,0,0,0,0,0,0,0,0,2,0,0,0,0,0,0
2018-11-05,0,19,0,0,0,0,25,0,3,0,0,0,3,2,8,1,2,18,0,0,0,30,19,19,0,22,22,1,25,0,0,1,22,0,1,6,2,0,1,3,2,0,0,1,3,0,0,0,0,0
2018-11-06,0,26,0,0,0,0,14,0,1,2,0,4,0,0,0,5,0,29,0,0,0,36,19,19,0,15,15,0,30,0,0,3,15,0,4,8,3,1,2,0,3,0,4,3,1,6,0,0,0,0
2018-11-07,0,16,0,0,0,0,30,0,0,3,0,0,0,0,3,3,0,29,0,0,0,32,15,15,0,28,28,0,44,0,0,2,29,1,3,11,10,0,2,0,7,2,0,0,1,4,0,0,0,0
2018-11-08,0,20,0,0,2,0,24,3,0,4,0,2,0,0,2,7,0,14,0,0,0,20,8,8,0,24,24,0,43,2,0,0,23,0,6,8,15,0,1,2,9,0,0,2,7,12,0,0,0,0
2018-11-09,0,18,1,0,0,0,10,6,0,0,0,0,0,0,0,6,0,16,0,0,0,15,3,3,0,11,11,0,33,0,0,0,16,0,6,6,0,0,0,0,0,5,3,0,0,13,0,0,0,0
2018-11-10,0,3,0,0,3,0,2,0,0,0,0,0,0,0,0,0,0,5,0,0,0,10,9,9,0,0,0,0,8,0,0,0,0,0,0,0,2,0,0,0,0,0,3,0,0,0,0,0,0,0
2018-11-11,0,2,2,0,0,0,5,0,0,0,0,0,0,0,0,0,0,0,0,0,0,7,6,6,0,0,0,5,11,0,0,0,0,0,2,3,0,0,0,0,0,2,0,0,0,0,0,0,0,2
2018-11-12,0,33,2,0,0,0,16,0,0,2,0,0,0,0,3,3,0,13,0,0,0,18,7,7,0,13,13,0,33,0,0,2,21,0,2,15,3,0,1,0,2,0,0,2,1,3,0,0,0,0
2018-11-13,0,40,0,2,2,0,31,0,0,3,0,0,0,0,2,3,3,25,0,0,4,22,25,25,2,15,15,0,43,0,0,3,17,3,7,15,5,0,1,0,0,0,2,2,1,0,0,0,1,0
2018-11-14,0,31,1,3,0,0,33,0,3,3,0,0,0,0,0,0,4,40,0,0,0,29,3,3,0,17,17,1,22,3,0,3,18,3,3,20,10,0,2,0,9,0,0,3,4,5,0,0,0,0
2018-11-15,0,26,0,1,0,0,34,0,0,1,0,0,0,0,0,3,2,35,0,0,0,24,2,2,0,8,8,1,48,0,0,0,30,0,4,10,3,6,1,0,2,0,0,0,3,15,0,0,0,0
2018-11-16,0,13,1,4,0,0,10,0,0,0,0,0,0,0,4,0,0,17,0,0,0,29,25,25,0,19,19,0,28,0,0,1,19,0,5,20,12,28,1,0,0,0,0,0,8,7,0,0,0,0
2018-11-17,0,0,0,0,0,0,0,0,0,0,0,0,0,0,0,0,0,5,0,0,0,0,5,5,0,1,1,0,6,0,0,0,0,0,0,1,0,0,0,0,0,0,0,0,1,0,0,0,0,0
2018-11-18,0,4,0,0,0,0,0,0,0,0,0,0,0,0,0,1,0,3,0,0,0,5,7,7,0,0,0,0,9,0,0,0,2,0,0,3,0,0,0,0,0,0,0,0,0,0,0,0,0,0
2018-11-19,0,29,0,0,0,0,12,0,0,1,0,0,0,0,0,5,0,12,0,0,0,24,15,15,0,20,20,0,22,0,0,0,15,0,2,11,6,6,1,0,1,0,0,0,2,2,0,0,1,0
2018-11-20,0,44,0,0,0,0,14,0,0,0,0,0,0,0,0,2,0,14,0,0,0,32,6,6,0,13,13,2,26,0,0,3,16,0,2,18,9,8,1,0,0,0,0,0,1,5,0,0,3,0
2018-11-21,0,30,0,0,0,0,31,0,2,0,0,0,0,0,0,0,0,9,0,0,0,18,5,5,0,16,16,0,22,1,0,0,13,0,0,13,11,5,1,0,0,0,0,0,1,4,0,0,1,0
2018-11-22,0,9,0,0,0,0,5,0,1,0,0,0,0,0,0,1,0,7,0,0,0,13,4,4,0,4,4,0,29,3,0,0,13,0,0,5,0,0,1,0,1,0,0,0,1,4,0,0,0,0
2018-11-23,0,11,3,0,0,0,16,0,0,0,4,0,0,0,0,0,0,9,0,0,2,11,5,5,0,7,7,0,22,0,0,0,12,0,1,4,0,0,1,0,2,0,0,0,1,1,0,4,0,0
2018-11-24,0,5,2,0,0,0,2,0,0,0,0,0,0,0,1,0,0,3,0,0,0,1,0,0,2,0,0,0,1,0,0,0,0,0,0,3,0,0,0,0,0,0,2,0,0,0,0,0,0,0
2018-11-25,0,2,0,0,0,0,3,2,0,0,0,0,0,0,0,0,0,8,0,0,0,7,6,6,0,1,1,0,5,0,0,0,0,0,1,0,0,0,0,0,0,0,0,0,0,3,0,0,0,0
2018-11-26,0,21,10,0,0,0,23,3,0,0,0,0,0,0,0,0,1,13,0,0,0,17,2,2,0,10,10,0,32,0,0,0,22,0,7,18,3,8,2,0,0,2,0,1,3,6,0,0,0,0
2018-11-27,0,17,0,0,1,0,15,0,0,3,0,0,0,0,0,1,1,23,0,0,0,17,5,5,3,14,14,0,28,3,0,2,20,0,5,20,5,2,0,2,2,0,0,2,2,5,0,2,0,0
2018-11-28,0,14,0,0,2,0,16,0,0,2,0,0,0,0,0,2,0,20,0,0,2,15,3,3,3,17,17,0,34,1,0,0,16,0,10,19,5,7,4,0,2,0,0,2,1,1,0,0,0,1
2018-11-29,2,11,0,0,0,0,15,3,0,1,0,0,0,0,0,4,0,10,0,0,0,23,4,4,0,14,14,1,36,6,0,3,22,2,13,12,5,0,2,0,2,0,0,4,1,8,0,0,0,0
2018-11-30,2,14,0,2,0,0,16,0,0,0,0,0,0,2,0,10,1,16,0,0,0,20,8,8,0,16,16,1,10,0,0,0,28,0,1,14,4,0,1,3,0,0,0,0,0,4,0,0,0,0
2018-12-01,2,0,0,0,0,0,0,0,0,0,0,0,0,0,0,0,0,0,0,0,0,1,0,0,0,0,0,0,0,0,0,0,2,0,0,0,0,0,0,0,0,0,0,0,0,0,0,0,0,0
2018-12-02,0,0,0,0,0,0,0,0,0,0,0,0,0,0,0,0,0,0,0,0,0,0,0,0,0,0,0,0,0,0,0,0,0,0,0,0,0,0,0,0,0,0,0,0,0,0,0,0,0,0
2018-12-03,0,0,0,0,0,0,0,0,0,0,0,0,0,0,0,0,0,0,0,0,0,0,0,0,0,0,0,0,0,0,0,0,0,0,0,0,0,0,0,0,0,0,0,0,0,0,0,0,0,0
2018-12-04,0,0,0,0,0,0,0,0,0,0,0,0,0,0,0,0,0,0,0,0,0,0,0,0,0,0,0,0,0,0,0,0,0,0,0,0,0,0,0,0,0,0,0,0,0,0,0,0,0,0
